Movie ID,Title,Year,Type
13-2010,13,2010,Remake
The 13th Letter-1951,The 13th Letter,1951,Remake
101 Dalmatians-1996,101 Dalmatians,1996,Remake
2001 Maniacs-2005,2001 Maniacs,2005,Remake
Tokyo Godfathers-2003,Tokyo Godfathers,2003,Remake
3 Idiotas-2017,3 Idiotas,2017,Remake
3:10 to Yuma-2007,3:10 to Yuma,2007,Remake
Nineteen Eighty-Four-1984,Nineteen Eighty-Four,1984,Remake
A Southern Yankee-1948,A Southern Yankee,1948,Remake
Abbott and Costello in Hollywood-1945,Abbott and Costello in Hollywood,1945,Remake
Adventures in Babysitting-2016,Adventures in Babysitting,2016,Remake
An Affair to Remember-1957,An Affair to Remember,1957,Remake
Against All Odds-1984,Against All Odds,1984,Remake
Airplane!-1980,Airplane!,1980,Remake
Aladdin-2019,Aladdin,2019,Remake
Alfie-2004,Alfie,2004,Remake
Algiers-1938,Algiers,1938,Remake
All Quiet on the Western Front-1979,All Quiet on the Western Front,1979,Remake
Always-1989,Always,1989,Remake
The Amityville Horror-2005,The Amityville Horror,2005,Remake
Anna Karenina-2012,Anna Karenina,2012,Remake
And God Created Woman-1988,And God Created Woman,1988,Remake
And Soon the Darkness-2010,And Soon the Darkness,2010,Remake
Angels in the Outfield-1994,Angels in the Outfield,1994,Remake
Angel on My Shoulder-1980,Angel on My Shoulder,1980,Remake
Annie-2014,Annie,2014,Remake
Annavaram-2006,Annavaram,2006,Remake
Anthropophagous 2000-1999,Anthropophagous 2000,1999,Remake
Applause-1973,Applause,1973,Remake
April Fool's Day-2008,April Fool's Day,2008,Remake
Around the World in 80 Days-2004,Around the World in 80 Days,2004,Remake
The Arena-2001,The Arena,2001,Remake
Arthur-2011,Arthur,2011,Remake
Assault on Precinct 13-2005,Assault on Precinct 13,2005,Remake
Attack of the 50 Ft. Woman-1993,Attack of the 50 Ft. Woman,1993,Remake
Babes in Toyland-1997,Babes in Toyland,1997,Remake
The Bachelor-1999,The Bachelor,1999,Remake
Back Street-1961,Back Street,1961,Remake
Bad News Bears-2005,Bad News Bears,2005,Remake
The Ballad of Narayama-1983,The Ballad of Narayama,1983,Remake
The Bad Seed-2018,The Bad Seed,2018,Remake
Bangkok Dangerous-2008,Bangkok Dangerous,2008,Remake
Barb Wire-1996,Barb Wire,1996,Remake
The Battle of the Sexes-1928,The Battle of the Sexes,1928,Remake
The Magnificent Seven-2016,The Magnificent Seven,2016,Remake
The Beat that My Heart Skipped-2005,The Beat that My Heart Skipped,2005,Remake
The Last Remake of Beau Geste-1977,The Last Remake of Beau Geste,1977,Remake
Beauty and the Beast-2017,Beauty and the Beast,2017,Remake
Bedazzled-2000,Bedazzled,2000,Remake
The Beguiled-2017,The Beguiled,2017,Remake
Being Julia-2004,Being Julia,2004,Remake
Ben-Hur-2016,Ben-Hur,2016,Remake
Beongeoli Sam-ryong-1964,Beongeoli Sam-ryong,1964,Remake
Between Us Girls-1942,Between Us Girls,1942,Remake
Beyond a Reasonable Doubt-2009,Beyond a Reasonable Doubt,2009,Remake
The Big Show-1961,The Big Show,1961,Remake
The Big Sleep-1978,The Big Sleep,1978,Remake
The Birdcage-1996,The Birdcage,1996,Remake
Billy Jack Goes to Washington-1977,Billy Jack Goes to Washington,1977,Remake
Black Caesar-1973,Black Caesar,1973,Remake
Black Christmas-2019,Black Christmas,2019,Remake
Blame it on Rio-1984,Blame it on Rio,1984,Remake
The Blob-1988,The Blob,1988,Remake
Blood Diner-1987,Blood Diner,1987,Remake
The Blue Angel-1959,The Blue Angel,1959,Remake
The Blue Bird-1976,The Blue Bird,1976,Remake
Born Yesterday-1993,Born Yesterday,1993,Remake
Boudu-2005,Boudu,2005,Remake
The Bounty-1984,The Bounty,1984,Remake
The Brasher Doubloon-1947,The Brasher Doubloon,1947,Remake
Breathless-1983,Breathless,1983,Remake
Brewster's Millions-1985,Brewster's Millions,1985,Remake
Bride Wars-2015,Bride Wars,2015,Remake
Brian's Song-2001,Brian's Song,2001,Remake
Broken Blossoms-1936,Broken Blossoms,1936,Remake
Brothers-2009,Brothers,2009,Remake
The Browning Version-1994,The Browning Version,1994,Remake
A Bucket of Blood-1995,A Bucket of Blood,1995,Remake
Buddy Buddy-1981,Buddy Buddy,1981,Remake
The Buccaneer-1958,The Buccaneer,1958,Remake
The Burmese Harp-1985,The Burmese Harp,1985,Remake
Cabin Fever-2016,Cabin Fever,2016,Remake
The Cabinet of Dr. Caligari-2005,The Cabinet of Dr. Caligari,2005,Remake
Calling Philo Vance-1940,Calling Philo Vance,1940,Remake
Call of the Wild-2020,Call of the Wild,2020,Remake
Cape Fear-1991,Cape Fear,1991,Remake
The Captain-1971,The Captain,1971,Remake
Carnival of Souls-1998,Carnival of Souls,1998,Remake
Carrie-2013,Carrie,2013,Remake
Casino Royale-2006,Casino Royale,2006,Remake
The Cat and the Canary-1979,The Cat and the Canary,1979,Remake
Cat People-1982,Cat People,1982,Remake
Carousel-1956,Carousel,1956,Remake
The Champ-1979,The Champ,1979,Remake
Cheaper by the Dozen-2003,Cheaper by the Dozen,2003,Remake
Chicago-2002,Chicago,2002,Remake
Child's Play-2019,Child's Play,2019,Remake
The Children's Hour-1961,The Children's Hour,1961,Remake
Chloe-2009,Chloe,2009,Remake
A Christmas Carol-2009,A Christmas Carol,2009,Remake
Christmas in Connecticut-1992,Christmas in Connecticut,1992,Remake
Cinderella-2015,Cinderella,2015,Remake
City of Angels-1998,City of Angels,1998,Remake
Clash of the Titans-2010,Clash of the Titans,2010,Remake
Classmates-2007,Classmates,2007,Remake
Cloak & Dagger-1984,Cloak & Dagger,1984,Remake
The Computer Wore Tennis Shoes-1995,The Computer Wore Tennis Shoes,1995,Remake
Cousins-1989,Cousins,1989,Remake
Conan the Barbarian-2011,Conan the Barbarian,2011,Remake
The Count of Monte Cristo-2002,The Count of Monte Cristo,2002,Remake
Crackers-1984,Crackers,1984,Remake
The Crazies-2010,The Crazies,2010,Remake
Crime School-1938,Crime School,1938,Remake
Criminal-2004,Criminal,2004,Remake
D.O.A.-1988,D.O.A.,1988,Remake
Dark Victory-1976,Dark Victory,1976,Remake
Dark Water-2005,Dark Water,2005,Remake
David Copperfield-2000,David Copperfield,2000,Remake
Dawn of the Dead-2004,Dawn of the Dead,2004,Remake
The Dawn Patrol-1938,The Dawn Patrol,1938,Remake
Day of the Dead-2008,Day of the Dead,2008,Remake
The Day the Earth Stood Still-2008,The Day the Earth Stood Still,2008,Remake
Death Drums Along the River-1963,Death Drums Along the River,1963,Remake
Dead of Winter-1987,Dead of Winter,1987,Remake
Death at a Funeral-2010,Death at a Funeral,2010,Remake
Death Race-2008,Death Race,2008,Remake
Death Wish-2018,Death Wish,2018,Remake
The Debt-2011,The Debt,2011,Remake
The Defiant Ones-1986,The Defiant Ones,1986,Remake
The Departed-2006,The Departed,2006,Remake
Desire-1936,Desire,1936,Remake
Desperate Hours-1990,Desperate Hours,1990,Remake
Destry-1954,Destry,1954,Remake
Le Deuxième Souffle-2007,Le Deuxième Souffle,2007,Remake
Diabolique-1996,Diabolique,1996,Remake
Diamond Horseshoe-1945,Diamond Horseshoe,1945,Remake
Dirty Rotten Scoundrels-1988,Dirty Rotten Scoundrels,1988,Remake
Dr. Jekyll and Mr. Hyde-1941,Dr. Jekyll and Mr. Hyde,1941,Remake
Dr. M-1990,Dr. M,1990,Remake
Drums of Fu Manchu-1940,Drums of Fu Manchu,1940,Remake
Billa-2009,Billa,2009,Remake
A Dog of Flanders-1999,A Dog of Flanders,1999,Remake
Don Quixote-2000,Don Quixote,2000,Remake
Dorian Gray-2009,Dorian Gray,2009,Remake
Down-2001,Down,2001,Remake
Down and Out in Beverly Hills-1986,Down and Out in Beverly Hills,1986,Remake
Down to Earth-2001,Down to Earth,2001,Remake
Dracula-2006,Dracula,2006,Remake
Dulcy-1940,Dulcy,1940,Remake
Dumbo-2019,Dumbo,2019,Remake
East of Eden-1981,East of Eden,1981,Remake
Easy Virtue-2008,Easy Virtue,2008,Remake
The Echo-2008,The Echo,2008,Remake
EDtv-1999,EDtv,1999,Remake
Ellam Avan Seyal-2008,Ellam Avan Seyal,2008,Remake
Endless Love-2014,Endless Love,2014,Remake
Escapade-1935,Escapade,1935,Remake
Evil Dead-2013,Evil Dead,2013,Remake
The Eye-2008,The Eye,2008,Remake
Excursion to the Moon-1908,Excursion to the Moon,1908,Remake
Exodus: Gods and Kings-2014,Exodus: Gods and Kings,2014,Remake
The Experiment-2010,The Experiment,2010,Remake
Fame-2009,Fame,2009,Remake
"Farewell, My Lovely-1975","Farewell, My Lovely",1975,Remake
The Farmer Takes a Wife-1953,The Farmer Takes a Wife,1953,Remake
The Farmer's Wife-1941,The Farmer's Wife,1941,Remake
Fatal Attraction-1987,Fatal Attraction,1987,Remake
Father of the Bride-1991,Father of the Bride,1991,Remake
Father of the Bride Part II-1995,Father of the Bride Part II,1995,Remake
Fathers' Day-1997,Fathers' Day,1997,Remake
Fancy Pants-1950,Fancy Pants,1950,Remake
FC Venus-2006,FC Venus,2006,Remake
The Fiend Who Walked the West-1958,The Fiend Who Walked the West,1958,Remake
The Firm-2009,The Firm,2009,Remake
A Fistful of Dollars/Per un pugno di dollari-1964,A Fistful of Dollars/Per un pugno di dollari,1964,Remake
Back from Eternity-1956,Back from Eternity,1956,Remake
Flatliners-2017,Flatliners,2017,Remake
Fled-1996,Fled,1996,Remake
Flight of the Phoenix-2004,Flight of the Phoenix,2004,Remake
Flipper-1996,Flipper,1996,Remake
Floating Weeds-1959,Floating Weeds,1959,Remake
Flubber-1997,Flubber,1997,Remake
The Fly-1986,The Fly,1986,Remake
The Fog-2005,The Fog,2005,Remake
Footloose-2011,Footloose,2011,Remake
Forbidden Fruit-1921,Forbidden Fruit,1921,Remake
Fortunes of Captain Blood-1950,Fortunes of Captain Blood,1950,Remake
Freaky Friday-2018,Freaky Friday,2018,Remake
Frenchman's Creek-1998,Frenchman's Creek,1998,Remake
Friday the 13th-2009,Friday the 13th,2009,Remake
Fright Night-2011,Fright Night,2011,Remake
The Front Page-1974,The Front Page,1974,Remake
Fun with Dick and Jane-2005,Fun with Dick and Jane,2005,Remake
Funny Games-2008,Funny Games,2008,Remake
Gaby-1956,Gaby,1956,Remake
Gambit-2012,Gambit,2012,Remake
The Gambler-2014,The Gambler,2014,Remake
Gaslight-1944,Gaslight,1944,Remake
Get Carter-2000,Get Carter,2000,Remake
The Getaway-1994,The Getaway,1994,Remake
Geronimo-1939,Geronimo,1939,Remake
Gharshana-2004,Gharshana,2004,Remake
Ghostbusters-2016,Ghostbusters,2016,Remake
Ghost Theater-2015,Ghost Theater,2015,Remake
Gloria-1999,Gloria,1999,Remake
Godzilla-1998,Godzilla,1998,Remake
Going in Style-2017,Going in Style,2017,Remake
Gone in 60 Seconds-2000,Gone in 60 Seconds,2000,Remake
The Good Companions-1957,The Good Companions,1957,Remake
Good Morning-1959,Good Morning,1959,Remake
The Goodbye Girl-2004,The Goodbye Girl,2004,Remake
"Goodbye, Mr. Chips-1969","Goodbye, Mr. Chips",1969,Remake
The Great Gatsby-2013,The Great Gatsby,2013,Remake
Great Expectations-2012,Great Expectations,2012,Remake
The Great Waltz-1972,The Great Waltz,1972,Remake
The Gun Runners-1958,The Gun Runners,1958,Remake
Guess Who-2005,Guess Who,2005,Remake
Gulliver's Travels-2010,Gulliver's Travels,2010,Remake
Halloween-2007,Halloween,2007,Remake
The Hand-1981,The Hand,1981,Remake
The Hands of Orlac-1960,The Hands of Orlac,1960,Remake
Happy New Year-1987,Happy New Year,1987,Remake
Hara-Kiri: Death of a Samurai-2011,Hara-Kiri: Death of a Samurai,2011,Remake
Harriet Craig-1950,Harriet Craig,1950,Remake
The Hasty Heart-1983,The Hasty Heart,1983,Remake
The Haunting-1999,The Haunting,1999,Remake
Head Above Water-1996,Head Above Water,1996,Remake
The Heartbreak Kid-2007,The Heartbreak Kid,2007,Remake
Heart of Darkness-1993,Heart of Darkness,1993,Remake
Heat-1995,Heat,1995,Remake
High Noon-2000,High Noon,2000,Remake
High Society-1956,High Society,1956,Remake
The Hills Have Eyes-2006,The Hills Have Eyes,2006,Remake
The Hitcher-2007,The Hitcher,2007,Remake
Holiday-1938,Holiday,1938,Remake
Homeward Bound: The Incredible Journey-1993,Homeward Bound: The Incredible Journey,1993,Remake
The Horn Blows at Midnight-1953,The Horn Blows at Midnight,1953,Remake
The Hound of the Baskervilles-2002,The Hound of the Baskervilles,2002,Remake
House of Wax-2005,House of Wax,2005,Remake
House on Haunted Hill-1999,House on Haunted Hill,1999,Remake
How to Make a Monster-2001,How to Make a Monster,2001,Remake
The Adventures of Huck Finn-1993,The Adventures of Huck Finn,1993,Remake
The Hunchback-1997,The Hunchback,1997,Remake
Hurricane-1979,Hurricane,1979,Remake
I Am Legend-2007,I Am Legend,2007,Remake
I Died a Thousand Times-1955,I Died a Thousand Times,1955,Remake
I Married a Monster-1998,I Married a Monster,1998,Remake
The Informer-1935,The Informer,1935,Remake
Inherit the Wind-1999,Inherit the Wind,1999,Remake
I Saw What You Did-1988,I Saw What You Did,1988,Remake
I Spit on Your Grave-2010,I Spit on Your Grave,2010,Remake
I Want to Live!-1983,I Want to Live!,1983,Remake
Ice Castles-2010,Ice Castles,2010,Remake
Ihr erstes Rendezvous-1955,Ihr erstes Rendezvous,1955,Remake
Imitation of Life-1959,Imitation of Life,1959,Remake
L'impiegata di papà-1934,L'impiegata di papà,1934,Remake
In Search for Captain Grant-1986,In Search for Captain Grant,1986,Remake
Indiscretion of an American Wife-1998,Indiscretion of an American Wife,1998,Remake
The Initiation of Sarah-2006,The Initiation of Sarah,2006,Remake
The In-Laws-2003,The In-Laws,2003,Remake
Insomnia-2002,Insomnia,2002,Remake
Intersection-1994,Intersection,1994,Remake
Intermezzo-1939,Intermezzo,1939,Remake
Interview-2007,Interview,2007,Remake
Invaders from Mars-1986,Invaders from Mars,1986,Remake
The Invasion-2007,The Invasion,2007,Remake
Irma la Douce-1972,Irma la Douce,1972,Remake
Iron Maze-1991,Iron Maze,1991,Remake
The Island of Dr. Moreau-1996,The Island of Dr. Moreau,1996,Remake
The Italian Job-2003,The Italian Job,2003,Remake
It's Alive-2009,It's Alive,2009,Remake
It's Great to Be Alive-1933,It's Great to Be Alive,1933,Remake
The Jackal-1997,The Jackal,1997,Remake
Jakob the Liar-1999,Jakob the Liar,1999,Remake
Jamaica Inn-2014,Jamaica Inn,2014,Remake
Jane Eyre-2011,Jane Eyre,2011,Remake
The Jazz Singer-1980,The Jazz Singer,1980,Remake
Jigoku-1999,Jigoku,1999,Remake
Journey into Fear-1975,Journey into Fear,1975,Remake
Journey's End-2017,Journey's End,2017,Remake
Mowgli: Legend of the Jungle-2018,Mowgli: Legend of the Jungle,2018,Remake
Jungle 2 Jungle-1997,Jungle 2 Jungle,1997,Remake
Just Visiting-2001,Just Visiting,2001,Remake
Nihon Chinbotsu-2006,Nihon Chinbotsu,2006,Remake
The Karate Kid-2010,The Karate Kid,2010,Remake
Kidnapped-2005,Kidnapped,2005,Remake
King Kong-2005,King Kong,2005,Remake
King Solomon's Mines-2004,King Solomon's Mines,2004,Remake
A Kid in King Arthur's Court-1995,A Kid in King Arthur's Court,1995,Remake
A Kiss Before Dying-1991,A Kiss Before Dying,1991,Remake
Kiss Me Goodbye-1982,Kiss Me Goodbye,1982,Remake
Kiss of Death-1995,Kiss of Death,1995,Remake
They Knew What They Wanted-1940,They Knew What They Wanted,1940,Remake
Knock Knock-2015,Knock Knock,2015,Remake
Kongo-1932,Kongo,1932,Remake
Lady and the Tramp-2019,Lady and the Tramp,2019,Remake
The Ladykillers-2004,The Ladykillers,2004,Remake
The Lady Vanishes-2013,The Lady Vanishes,2013,Remake
The Lake House-2006,The Lake House,2006,Remake
The Land That Time Forgot-2009,The Land That Time Forgot,2009,Remake
Last Holiday-2006,Last Holiday,2006,Remake
The Last House on the Left-2009,The Last House on the Left,2009,Remake
The Last Kiss-2006,The Last Kiss,2006,Remake
Last Man Standing-1996,Last Man Standing,1996,Remake
The Last Hurrah-1977,The Last Hurrah,1977,Remake
The Last of the Mohicans-1992,The Last of the Mohicans,1992,Remake
Les Misérables-2018,Les Misérables,2018,Remake
Let Me In-2010,Let Me In,2010,Remake
The Lion King-2019,The Lion King,2019,Remake
Little Fugitive-2006,Little Fugitive,2006,Remake
Little Miss Marker-1980,Little Miss Marker,1980,Remake
Little Shop of Horrors-1986,Little Shop of Horrors,1986,Remake
Little Women-2019,Little Women,2019,Remake
The Lodger-2009,The Lodger,2009,Remake
The Loft-2014,The Loft,2014,Remake
LOL-2012,LOL,2012,Remake
The Longest Yard-2005,The Longest Yard,2005,Remake
Long Fliv the King-1926,Long Fliv the King,1926,Remake
The Long Hot Summer-1985,The Long Hot Summer,1985,Remake
The Long Night-1947,The Long Night,1947,Remake
Lost Horizon-1973,Lost Horizon,1973,Remake
The Lost World-2001,The Lost World,2001,Remake
Love Affair-1994,Love Affair,1994,Remake
Love Don't Cost a Thing-2003,Love Don't Cost a Thing,2003,Remake
Lure of the Wilderness-1952,Lure of the Wilderness,1952,Remake
M-1951,M,1951,Remake
Mädchen in Uniform-1958,Mädchen in Uniform,1958,Remake
Mary-1931,Mary,1931,Remake
The Magnificent Ambersons-2002,The Magnificent Ambersons,2002,Remake
Magnificent Obsession-1954,Magnificent Obsession,1954,Remake
Main Aisa Hi Hoon-2005,Main Aisa Hi Hoon,2005,Remake
Major Payne-1995,Major Payne,1995,Remake
The Maltese Falcon-1941,The Maltese Falcon,1941,Remake
The Man in the Iron Mask-1998,The Man in the Iron Mask,1998,Remake
The Man with One Red Shoe-1985,The Man with One Red Shoe,1985,Remake
The Man Who Knew Too Much-1956,The Man Who Knew Too Much,1956,Remake
The Man Who Loved Women-1983,The Man Who Loved Women,1983,Remake
The Manchurian Candidate-2004,The Manchurian Candidate,2004,Remake
Bhool Bhulaiyaa-2007,Bhool Bhulaiyaa,2007,Remake
"Marcelino Pan y Vino-1979, made-for-TV",Marcelino Pan y Vino,"1979, made-for-TV",Remake
Marilyn Hotchkiss' Ballroom Dancing and Charm School-2005,Marilyn Hotchkiss' Ballroom Dancing and Charm School,2005,Remake
Mark of the Vampire-1935,Mark of the Vampire,1935,Remake
The Mark of Zorro-1974,The Mark of Zorro,1974,Remake
Martyrs-2015,Martyrs,2015,Remake
Masquerade in Mexico-1945,Masquerade in Mexico,1945,Remake
The Mechanic-2011,The Mechanic,2011,Remake
Meet Joe Black-1998,Meet Joe Black,1998,Remake
Meet Me in St. Louis-1966,Meet Me in St. Louis,1966,Remake
Men Don't Leave-1990,Men Don't Leave,1990,Remake
"Merry Christmas, George Bailey-1997","Merry Christmas, George Bailey",1997,Remake
The Merry Widow-1952,The Merry Widow,1952,Remake
Merton of the Movies-1947,Merton of the Movies,1947,Remake
Messenger-1994,Messenger,1994,Remake
Mighty Joe Young-1998,Mighty Joe Young,1998,Remake
Miracle on 34th Street-1994,Miracle on 34th Street,1994,Remake
The Miracle Man-1932,The Miracle Man,1932,Remake
The Mirror Has Two Faces-1996,The Mirror Has Two Faces,1996,Remake
Mirrors-2008,Mirrors,2008,Remake
20 Once Again-2015,20 Once Again,2015,Remake
Mixed Nuts-1994,Mixed Nuts,1994,Remake
Moby Dick-2011,Moby Dick,2011,Remake
Mogambo-1953,Mogambo,1953,Remake
The Money Pit-1986,The Money Pit,1986,Remake
Moon Over Parador-1988,Moon Over Parador,1988,Remake
The Monkey's Paw-1948,The Monkey's Paw,1948,Remake
Mother's Day-2010,Mother's Day,2010,Remake
"Move Over, Darling-1963","Move Over, Darling",1963,Remake
Mr. Deeds-2002,Mr. Deeds,2002,Remake
Mrs. Winterbourne-1996,Mrs. Winterbourne,1996,Remake
The Mummy-1999,The Mummy,1999,Remake
Uppi Dada M.B.B.S.-2006,Uppi Dada M.B.B.S.,2006,Remake
Murder on the Orient Express-2017,Murder on the Orient Express,2017,Remake
The Music Man-2003,The Music Man,2003,Remake
My Bloody Valentine 3D-2009,My Bloody Valentine 3D,2009,Remake
My Cousin Rachel-2017,My Cousin Rachel,2017,Remake
My Darling Clementine-1946,My Darling Clementine,1946,Remake
My Fair Lady-1964,My Fair Lady,1964,Remake
My Father the Hero-1994,My Father the Hero,1994,Remake
My Man Godfrey-1957,My Man Godfrey,1957,Remake
Jules Verne's Mysterious Island-2012,Jules Verne's Mysterious Island,2012,Remake
Untitled Mario remake film-2022,Untitled Mario remake film,2022,Remake
Naa Autograph-2004,Naa Autograph,2004,Remake
Nadja-1994,Nadja,1994,Remake
Naina-2005,Naina,2005,Remake
Never Say Never Again-1983,Never Say Never Again,1983,Remake
The Next Three Days-2010,The Next Three Days,2010,Remake
Night and the City-1992,Night and the City,1992,Remake
Night Must Fall-1964,Night Must Fall,1964,Remake
Night of the Hunter-1991,Night of the Hunter,1991,Remake
A Nightmare on Elm Street-2010,A Nightmare on Elm Street,2010,Remake
Night of the Demons-2009,Night of the Demons,2009,Remake
Night of the Living Dead 3D-2006,Night of the Living Dead 3D,2006,Remake
Nightwatch-1997,Nightwatch,1997,Remake
Nine Months-1995,Nine Months,1995,Remake
No Reservations-2007,No Reservations,2007,Remake
Nosferatu-1979,Nosferatu,1979,Remake
No Way Out-1987,No Way Out,1987,Remake
Not of This Earth-1995,Not of This Earth,1995,Remake
Notorious-1992,Notorious,1992,Remake
All the Best-2012,All the Best,2012,Remake
The Nutty Professor-1996,The Nutty Professor,1996,Remake
Ocean's Eleven-2001,Ocean's Eleven,2001,Remake
Oh Jonathan – oh Jonathan!-1973,Oh Jonathan – oh Jonathan!,1973,Remake
Of Human Bondage-1964,Of Human Bondage,1964,Remake
Of Mice and Men-1992,Of Mice and Men,1992,Remake
The Old Dark House-1963,The Old Dark House,1963,Remake
Oldboy-2013,Oldboy,2013,Remake
Oliver Twist-2007,Oliver Twist,2007,Remake
The Omen-2006,The Omen,2006,Remake
On the Beach-2000,On the Beach,2000,Remake
One Missed Call-2007,One Missed Call,2007,Remake
One Sunday Afternoon-1948,One Sunday Afternoon,1948,Remake
The Ordeal of Dr. Mudd-1980,The Ordeal of Dr. Mudd,1980,Remake
Orfeu-1999,Orfeu,1999,Remake
Original Sin-2001,Original Sin,2001,Remake
Orphans of the Storm-1921,Orphans of the Storm,1921,Remake
Oscar-1991,Oscar,1991,Remake
The Out-of-Towners-1999,The Out-of-Towners,1999,Remake
The Outrage-1964,The Outrage,1964,Remake
Overboard-2018,Overboard,2018,Remake
Oxford Blues-1984,Oxford Blues,1984,Remake
Pacific Rendezvous-1942,Pacific Rendezvous,1942,Remake
Papillon-2018,Papillon,2018,Remake
Paradise-1991,Paradise,1991,Remake
The Parent Trap-1998,The Parent Trap,1998,Remake
Passion-1998,Passion,1998,Remake
Pathfinder-2006,Pathfinder,2006,Remake
Peking Express-1951,Peking Express,1951,Remake
A Perfect Murder-1998,A Perfect Murder,1998,Remake
Pet Sematary-2019,Pet Sematary,2019,Remake
A Place in the Sun-1951,A Place in the Sun,1951,Remake
The Phantom Carriage-1958,The Phantom Carriage,1958,Remake
The Phantom of the Opera-2004,The Phantom of the Opera,2004,Remake
Picnic-2000,Picnic,2000,Remake
Piranha 3-D-2010,Piranha 3-D,2010,Remake
Planet of the Apes-2001,Planet of the Apes,2001,Remake
The Plank-1979,The Plank,1979,Remake
Pocketful of Miracles-1961,Pocketful of Miracles,1961,Remake
Point Break-2015,Point Break,2015,Remake
Point of No Return-1993,Point of No Return,1993,Remake
Poltergeist-2015,Poltergeist,2015,Remake
Porki-2010,Porki,2010,Remake
Poseidon-2006,Poseidon,2006,Remake
The Preacher's Wife-1996,The Preacher's Wife,1996,Remake
Premonition-2007,Premonition,2007,Remake
Pride & Prejudice-2005,Pride & Prejudice,2005,Remake
The Prime Minister-1941,The Prime Minister,1941,Remake
The Prince and the Pauper-2007,The Prince and the Pauper,2007,Remake
The Prisoner of Zenda-1979,The Prisoner of Zenda,1979,Remake
The Producers-2005,The Producers,2005,Remake
Prom Night-2008,Prom Night,2008,Remake
Psycho-1998,Psycho,1998,Remake
Pulse-2006,Pulse,2006,Remake
Quarantine-2008,Quarantine,2008,Remake
The Rainmaker-1982,The Rainmaker,1982,Remake
Ram Gopal Varma Ki Aag-2007,Ram Gopal Varma Ki Aag,2007,Remake
Rangrezz-2013,Rangrezz,2013,Remake
Ransom-1996,Ransom,1996,Remake
The Razor's Edge-1984,The Razor's Edge,1984,Remake
Rear Window-1998,Rear Window,1998,Remake
Red Dawn-2012,Red Dawn,2012,Remake
Rebecca-1997,Rebecca,1997,Remake
The Red Badge of Courage-1974,The Red Badge of Courage,1974,Remake
Red Dragon-2002,Red Dragon,2002,Remake
Reefer Madness-2005,Reefer Madness,2005,Remake
Return to Paradise-1998,Return to Paradise,1998,Remake
Reptilian-1999,Reptilian,1999,Remake
Rich and Famous-1981,Rich and Famous,1981,Remake
Riding High-1950,Riding High,1950,Remake
The Ring-2002,The Ring,2002,Remake
Rio Lobo-1970,Rio Lobo,1970,Remake
Robin Hood-2018,Robin Hood,2018,Remake
RoboCop-2014,RoboCop,2014,Remake
Rock-A-Bye Baby-1958,Rock-A-Bye Baby,1958,Remake
Rollerball-2002,Rollerball,2002,Remake
Rogue Male-1976,Rogue Male,1976,Remake
The Roman Spring of Mrs. Stone-2003,The Roman Spring of Mrs. Stone,2003,Remake
The Roommate-2011,The Roommate,2011,Remake
Run for the Sun-1956,Run for the Sun,1956,Remake
Runaway Daughters-1994,Runaway Daughters,1994,Remake
Sabrina-1995,Sabrina,1995,Remake
Sahara-1995,Sahara,1995,Remake
Satan's School for Girls-2000,Satan's School for Girls,2000,Remake
Saturday's Children-1940,Saturday's Children,1940,Remake
Scandal Maker-2016,Scandal Maker,2016,Remake
The Scapegoat-2012,The Scapegoat,2012,Remake
Scared Stiff-1953,Scared Stiff,1953,Remake
Scarface-1983,Scarface,1983,Remake
Scent of a Woman-1992,Scent of a Woman,1992,Remake
School for Scoundrels-2006,School for Scoundrels,2006,Remake
Séance-2000,Séance,2000,Remake
Sea Wolf-2009,Sea Wolf,2009,Remake
The Secret-2007,The Secret,2007,Remake
Secret in Their Eyes-2015,Secret in Their Eyes,2015,Remake
The Secret Life of Walter Mitty-2013,The Secret Life of Walter Mitty,2013,Remake
Senso '45-2002,Senso '45,2002,Remake
Sergeants 3-1962,Sergeants 3,1962,Remake
Seventh Heaven-1937,Seventh Heaven,1937,Remake
Shadow of a Doubt-1991,Shadow of a Doubt,1991,Remake
Shaft-2000,Shaft,2000,Remake
The Shaggy Dog-2006,The Shaggy Dog,2006,Remake
"Shake, Rattle and Rock!-1994","Shake, Rattle and Rock!",1994,Remake
The Shakiest Gun in the West-1968,The Shakiest Gun in the West,1968,Remake
Shall We Dance-2004,Shall We Dance,2004,Remake
Dr. Nawariyan-2017,Dr. Nawariyan,2017,Remake
Shankar Dada Zindabad-2007,Shankar Dada Zindabad,2007,Remake
She-1965,She,1965,Remake
The Shining-1997,The Shining,1997,Remake
Shiva-2006,Shiva,2006,Remake
Shortcut to Happiness-2007,Shortcut to Happiness,2007,Remake
Show Boat-1951,Show Boat,1951,Remake
Sideways-2009,Sideways,2009,Remake
Silk Stockings-1957,Silk Stockings,1957,Remake
The Sign of the Cross-1932,The Sign of the Cross,1932,Remake
Sleeping Car to Trieste-1948,Sleeping Car to Trieste,1948,Remake
So Big-1953,So Big,1953,Remake
Solaris-2002,Solaris,2002,Remake
Solstice-2008,Solstice,2008,Remake
A Song Is Born-1948,A Song Is Born,1948,Remake
Sorcerer-1977,Sorcerer,1977,Remake
Sorority Row-2009,Sorority Row,2009,Remake
The Sound and the Fury-2014,The Sound and the Fury,2014,Remake
Spring Parade-1940,Spring Parade,1940,Remake
Springtime in a Small Town-2002,Springtime in a Small Town,2002,Remake
The Squaw Man-1931,The Squaw Man,1931,Remake
Stage Struck-1958,Stage Struck,1958,Remake
Stagecoach-1986,Stagecoach,1986,Remake
A Star Is Born-2018,A Star Is Born,2018,Remake
State Fair-1962,State Fair,1962,Remake
The Stepfather-2009,The Stepfather,2009,Remake
The Stepford Wives-2004,The Stepford Wives,2004,Remake
Stolen Hours-1963,Stolen Hours,1963,Remake
Straw Dogs-2011,Straw Dogs,2011,Remake
The Student of Prague-1935,The Student of Prague,1935,Remake
The Sun Shines Bright-1953,The Sun Shines Bright,1953,Remake
The Sunshine Boys-1996,The Sunshine Boys,1996,Remake
Svengali-1983,Svengali,1983,Remake
The Swan-1956,The Swan,1956,Remake
Sweet 20-2015,Sweet 20,2015,Remake
Sweet November-2001,Sweet November,2001,Remake
Swept Away-2002,Swept Away,2002,Remake
Switching Channels-1988,Switching Channels,1988,Remake
The Taking of Pelham 1 2 3-2009,The Taking of Pelham 1 2 3,2009,Remake
"Tarzan, the Ape Man-1959","Tarzan, the Ape Man",1959,Remake
Taxi-2004,Taxi,2004,Remake
The Texas Chainsaw Massacre-2003,The Texas Chainsaw Massacre,2003,Remake
That Darn Cat-1997,That Darn Cat,1997,Remake
The Thief of Baghdad-1978,The Thief of Baghdad,1978,Remake
Thieves Like Us-1974,Thieves Like Us,1974,Remake
The 39 Steps-2008,The 39 Steps,2008,Remake
Yamato Takeru-1994,Yamato Takeru,1994,Remake
The Thing-1982,The Thing,1982,Remake
The Thirteenth Floor-1999,The Thirteenth Floor,1999,Remake
Thirteen Ghosts-2001,Thirteen Ghosts,2001,Remake
The Thomas Crown Affair-1999,The Thomas Crown Affair,1999,Remake
Three Fugitives-1989,Three Fugitives,1989,Remake
The Three Musketeers-2011,The Three Musketeers,2011,Remake
The Time Machine-2002,The Time Machine,2002,Remake
To Be or Not to Be-1983,To Be or Not to Be,1983,Remake
Too Good to Be True-1988,Too Good to Be True,1988,Remake
Toolbox Murders-2004,Toolbox Murders,2004,Remake
Tortilla Soup-2001,Tortilla Soup,2001,Remake
Total Recall-2012,Total Recall,2012,Remake
Tom Brown's Schooldays-2005,Tom Brown's Schooldays,2005,Remake
Tom Sawyer & Huckleberry Finn-2014,Tom Sawyer & Huckleberry Finn,2014,Remake
The Tourist-2010,The Tourist,2010,Remake
Tower of London-1962,Tower of London,1962,Remake
The Toy-1982,The Toy,1982,Remake
Trader Horn-1973,Trader Horn,1973,Remake
Treasure Island-2012,Treasure Island,2012,Remake
True Grit-2010,True Grit,2010,Remake
True Lies-1994,True Lies,1994,Remake
The Truth About Charlie-2002,The Truth About Charlie,2002,Remake
Two Much-1996,Two Much,1996,Remake
Under Capricorn-1983,Under Capricorn,1983,Remake
Under Suspicion-2000,Under Suspicion,2000,Remake
The Underneath-1995,The Underneath,1995,Remake
Ganda Hendathi-2006,Ganda Hendathi,2006,Remake
Unfaithfully Yours-1984,Unfaithfully Yours,1984,Remake
The Unfaithful-1947,The Unfaithful,1947,Remake
The Unholy Three-1930,The Unholy Three,1930,Remake
The Unknown Soldier-1985,The Unknown Soldier,1985,Remake
The Upside-2019,The Upside,2019,Remake
Vanilla Sky-2001,Vanilla Sky,2001,Remake
The Vanishing-1993,The Vanishing,1993,Remake
Vanishing Point-1997,Vanishing Point,1997,Remake
Vanity Fair-2018,Vanity Fair,2018,Remake
Victor Frankenstein-2015,Victor Frankenstein,2015,Remake
Victor/Victoria-1982,Victor/Victoria,1982,Remake
Village of the Damned-1995,Village of the Damned,1995,Remake
The Virginian-1946,The Virginian,1946,Remake
Walk Don't Run-1966,Walk Don't Run,1966,Remake
A Walk in the Clouds-1995,A Walk in the Clouds,1995,Remake
Walking Tall-2004,Walking Tall,2004,Remake
The War of the Worlds-2019,The War of the Worlds,2019,Remake
Web of the Spider-1971,Web of the Spider,1971,Remake
We Are Family-2010,We Are Family,2010,Remake
Welcome to Collinwood-2002,Welcome to Collinwood,2002,Remake
We're No Angels-1989,We're No Angels,1989,Remake
What a Girl Wants-2003,What a Girl Wants,2003,Remake
When a Stranger Calls-2006,When a Stranger Calls,2006,Remake
What Ever Happened to Baby Jane?-1991,What Ever Happened to Baby Jane?,1991,Remake
What Men Want-2019,What Men Want,2019,Remake
Where the Boys Are '84-1984,Where the Boys Are '84,1984,Remake
The Wicked Lady-1983,The Wicked Lady,1983,Remake
The Wicker Man-2006,The Wicker Man,2006,Remake
Wicker Park-2004,Wicker Park,2004,Remake
Willard-2003,Willard,2003,Remake
The Winslow Boy-1999,The Winslow Boy,1999,Remake
The Witness-2015,The Witness,2015,Remake
The Wiz-1978,The Wiz,1978,Remake
The Witness for the Prosecution-2016,The Witness for the Prosecution,2016,Remake
The Wolfman-2010,The Wolfman,2010,Remake
The Woman in Black-2012,The Woman in Black,2012,Remake
The Woman in Red-1984,The Woman in Red,1984,Remake
The Woman in White-2018,The Woman in White,2018,Remake
The Women-2008,The Women,2008,Remake
The Yellow Handkerchief-2010,The Yellow Handkerchief,2010,Remake
Yogi-2007,Yogi,2007,Remake
You Can't Run Away from It-1956,You Can't Run Away from It,1956,Remake
"Yours, Mine and Ours-2005","Yours, Mine and Ours",2005,Remake
You're Never Too Young-1955,You're Never Too Young,1955,Remake
You've Got Mail-1998,You've Got Mail,1998,Remake
13 Tzameti-2005,13 Tzameti,2005,Original
Le Corbeau-1943,Le Corbeau,1943,Original
One Hundred and One Dalmatians-1961,One Hundred and One Dalmatians,1961,Original
Two Thousand Maniacs!-1964,Two Thousand Maniacs!,1964,Original
The Three Godfathers-1916,The Three Godfathers,1916,Original
3 Idiots-2009,3 Idiots,2009,Original
3:10 to Yuma-1957,3:10 to Yuma,1957,Original
1984-1953,1984,1953,Original
The General-1926,The General,1926,Original
Free and Easy-1930,Free and Easy,1930,Original
Adventures in Babysitting-1987,Adventures in Babysitting,1987,Original
Love Affair-1939,Love Affair,1939,Original
Out of the Past-1947,Out of the Past,1947,Original
Zero Hour!-1957,Zero Hour!,1957,Original
Aladdin-1992,Aladdin,1992,Original
Alfie-1966,Alfie,1966,Original
Pépé le Moko-1937,Pépé le Moko,1937,Original
All Quiet on the Western Front-1930,All Quiet on the Western Front,1930,Original
A Guy Named Joe-1943,A Guy Named Joe,1943,Original
The Amityville Horror-1979,The Amityville Horror,1979,Original
Love-1927,Love,1927,Original
Et Dieu... créa la femme-1956,Et Dieu... créa la femme,1956,Original
And Soon the Darkness-1970,And Soon the Darkness,1970,Original
Angels in the Outfield-1951,Angels in the Outfield,1951,Original
Angel on My Shoulder-1946,Angel on My Shoulder,1946,Original
Annie-1982,Annie,1982,Original
Thirupaachi-2005,Thirupaachi,2005,Original
Antropophagus-1980,Antropophagus,1980,Original
All About Eve-1950,All About Eve,1950,Original
April Fool's Day-1986,April Fool's Day,1986,Original
Around the World in Eighty Days-1919,Around the World in Eighty Days,1919,Original
The Arena-1974,The Arena,1974,Original
Arthur-1981,Arthur,1981,Original
Assault on Precinct 13-1976,Assault on Precinct 13,1976,Original
Attack of the 50 Foot Woman-1958,Attack of the 50 Foot Woman,1958,Original
Babes in Toyland-1934,Babes in Toyland,1934,Original
Seven Chances-1925,Seven Chances,1925,Original
Back Street-1932,Back Street,1932,Original
The Bad News Bears-1976,The Bad News Bears,1976,Original
The Ballad of Narayama-1958,The Ballad of Narayama,1958,Original
The Bad Seed-1956,The Bad Seed,1956,Original
Bangkok Dangerous-1999,Bangkok Dangerous,1999,Original
Casablanca-1942,Casablanca,1942,Original
The Battle of the Sexes-1914,The Battle of the Sexes,1914,Original
Seven Samurai-1954,Seven Samurai,1954,Original
Fingers-1978,Fingers,1978,Original
Beau Geste-1926,Beau Geste,1926,Original
Beauty and the Beast-1991,Beauty and the Beast,1991,Original
Bedazzled-1967,Bedazzled,1967,Original
The Beguiled-1971,The Beguiled,1971,Original
Adorable Julia-1964,Adorable Julia,1964,Original
Ben-Hur-1925,Ben-Hur,1925,Original
Beongeoli Sam-ryong-1929,Beongeoli Sam-ryong,1929,Original
A Precocious Girl-1934,A Precocious Girl,1934,Original
Beyond a Reasonable Doubt-1956,Beyond a Reasonable Doubt,1956,Original
House of Strangers-1949,House of Strangers,1949,Original
The Big Sleep-1946,The Big Sleep,1946,Original
La Cage aux Folles-1978,La Cage aux Folles,1978,Original
Washington Merry-Go-Round-1932,Washington Merry-Go-Round,1932,Original
Little Caesar-1931,Little Caesar,1931,Original
Black Christmas-1974,Black Christmas,1974,Original
Un moment d'egarement-1977,Un moment d'egarement,1977,Original
The Blob-1958,The Blob,1958,Original
Blood Feast-1963,Blood Feast,1963,Original
The Blue Angel-1930,The Blue Angel,1930,Original
The Blue Bird-1918,The Blue Bird,1918,Original
Born Yesterday-1950,Born Yesterday,1950,Original
Boudu Saved from Drowning-1932,Boudu Saved from Drowning,1932,Original
In the Wake of the Bounty-1933,In the Wake of the Bounty,1933,Original
Time to Kill-1942,Time to Kill,1942,Original
Breathless-1960,Breathless,1960,Original
Brewster's Millions-1914,Brewster's Millions,1914,Original
Bride Wars-2009,Bride Wars,2009,Original
Brian's Song-1971,Brian's Song,1971,Original
Broken Blossoms-1919,Broken Blossoms,1919,Original
Brødre-2004,Brødre,2004,Original
The Browning Version-1951,The Browning Version,1951,Original
A Bucket of Blood-1959,A Bucket of Blood,1959,Original
L'Emmerdeur-1973,L'Emmerdeur,1973,Original
The Buccaneer-1938,The Buccaneer,1938,Original
The Burmese Harp-1956,The Burmese Harp,1956,Original
Cabin Fever-2002,Cabin Fever,2002,Original
The Cabinet of Dr. Caligari-1920,The Cabinet of Dr. Caligari,1920,Original
The Kennel Murder Case-1933,The Kennel Murder Case,1933,Original
The Call of the Wild-1923,The Call of the Wild,1923,Original
Cape Fear-1962,Cape Fear,1962,Original
The Captain's Table-1959,The Captain's Table,1959,Original
Carnival of Souls-1962,Carnival of Souls,1962,Original
Carrie-1976,Carrie,1976,Original
Casino Royale-1954,Casino Royale,1954,Original
The Cat and the Canary-1927,The Cat and the Canary,1927,Original
Cat People-1942,Cat People,1942,Original
Liliom-1930,Liliom,1930,Original
The Champ-1931,The Champ,1931,Original
Cheaper by the Dozen-1950,Cheaper by the Dozen,1950,Original
Chicago-1927,Chicago,1927,Original
Child's Play-1988,Child's Play,1988,Original
These Three-1936,These Three,1936,Original
Nathalie...-2004,Nathalie...,2004,Original
"Scrooge, or, Marley's Ghost-1901","Scrooge, or, Marley's Ghost",1901,Original
Christmas in Connecticut-1945,Christmas in Connecticut,1945,Original
Cinderella-1950,Cinderella,1950,Original
Der Himmel über Berlin or Wings of Desire-1987,Der Himmel über Berlin or Wings of Desire,1987,Original
Clash of the Titans-1981,Clash of the Titans,1981,Original
Classmates-2006,Classmates,2006,Original
The Window-1949,The Window,1949,Original
The Computer Wore Tennis Shoes-1969,The Computer Wore Tennis Shoes,1969,Original
"Cousin, cousine-1975","Cousin, cousine",1975,Original
Conan the Barbarian-1982,Conan the Barbarian,1982,Original
Monte Cristo-1922,Monte Cristo,1922,Original
Big Deal on Madonna Street-1958,Big Deal on Madonna Street,1958,Original
The Crazies-1973,The Crazies,1973,Original
The Mayor of Hell-1933,The Mayor of Hell,1933,Original
Nueve reinas-2000,Nueve reinas,2000,Original
D.O.A.-1950,D.O.A.,1950,Original
Dark Victory-1939,Dark Victory,1939,Original
Dark Water-2002,Dark Water,2002,Original
David Copperfield-1935,David Copperfield,1935,Original
Dawn of the Dead-1978,Dawn of the Dead,1978,Original
The Dawn Patrol-1930,The Dawn Patrol,1930,Original
Day of the Dead-1985,Day of the Dead,1985,Original
The Day the Earth Stood Still-1951,The Day the Earth Stood Still,1951,Original
Sanders of the River-1935,Sanders of the River,1935,Original
My Name Is Julia Ross-1945,My Name Is Julia Ross,1945,Original
Death at a Funeral-2007,Death at a Funeral,2007,Original
Death Race 2000-1975,Death Race 2000,1975,Original
Death Wish-1974,Death Wish,1974,Original
The Debt-2007,The Debt,2007,Original
The Defiant Ones-1958,The Defiant Ones,1958,Original
Infernal Affairs-2002,Infernal Affairs,2002,Original
Happy Days in Aranjuez-1933,Happy Days in Aranjuez,1933,Original
The Desperate Hours-1955,The Desperate Hours,1955,Original
Destry Rides Again-1932,Destry Rides Again,1932,Original
Le Deuxième Souffle-1966,Le Deuxième Souffle,1966,Original
Les Diaboliques-1955,Les Diaboliques,1955,Original
The Barker-1928,The Barker,1928,Original
Bedtime Story-1964,Bedtime Story,1964,Original
Dr. Jekyll and Mr. Hyde-1931,Dr. Jekyll and Mr. Hyde,1931,Original
Dr. Mabuse the Gambler-1922,Dr. Mabuse the Gambler,1922,Original
The Mask of Fu Manchu-1932,The Mask of Fu Manchu,1932,Original
Don-1978,Don,1978,Original
A Dog of Flanders-1959,A Dog of Flanders,1959,Original
Don Quixote-1933,Don Quixote,1933,Original
The Picture of Dorian Gray-1945,The Picture of Dorian Gray,1945,Original
De Lift-1983,De Lift,1983,Original
Boudu sauvé des eaux-1932,Boudu sauvé des eaux,1932,Original
Here Comes Mr. Jordan-1941,Here Comes Mr. Jordan,1941,Original
Dracula-1931,Dracula,1931,Original
Not So Dumb-1930,Not So Dumb,1930,Original
Dumbo-1941,Dumbo,1941,Original
East of Eden-1955,East of Eden,1955,Original
Easy Virtue-1928,Easy Virtue,1928,Original
Sigaw-2004,Sigaw,2004,Original
"Louis 19, King of the Airwaves-Louis 19, le roi des ondes","Louis 19, King of the Airwaves","Louis 19, le roi des ondes",Original
Chinthamani Kolacase-2006,Chinthamani Kolacase,2006,Original
Endless Love-1981,Endless Love,1981,Original
Maskerade-1934,Maskerade,1934,Original
The Evil Dead-1981,The Evil Dead,1981,Original
The Eye-2002,The Eye,2002,Original
A Trip to the Moon-1902,A Trip to the Moon,1902,Original
The Ten Commandments-1923,The Ten Commandments,1923,Original
Das Experiment-2001,Das Experiment,2001,Original
Fame-1980,Fame,1980,Original
The Falcon Takes Over-1942,The Falcon Takes Over,1942,Original
The Farmer Takes a Wife-1935,The Farmer Takes a Wife,1935,Original
The Farmer's Wife-1928,The Farmer's Wife,1928,Original
Diversion-1980,Diversion,1980,Original
Father of the Bride-1950,Father of the Bride,1950,Original
Father's Little Dividend-1951,Father's Little Dividend,1951,Original
Les Compères-1983,Les Compères,1983,Original
Ruggles of Red Gap-1935,Ruggles of Red Gap,1935,Original
FC Venus-2005,FC Venus,2005,Original
Kiss of Death-1947,Kiss of Death,1947,Original
The Firm-1988,The Firm,1988,Original
Yojimbo-1961,Yojimbo,1961,Original
Five Came Back-1939,Five Came Back,1939,Original
Flatliners-1990,Flatliners,1990,Original
The Flight of the Phoenix-1965,The Flight of the Phoenix,1965,Original
Flipper-1963,Flipper,1963,Original
A Story of Floating Weeds-1934,A Story of Floating Weeds,1934,Original
The Absent-Minded Professor-1961,The Absent-Minded Professor,1961,Original
The Fly-1958,The Fly,1958,Original
The Fog-1980,The Fog,1980,Original
Footloose-1984,Footloose,1984,Original
The Golden Chance-1915,The Golden Chance,1915,Original
Captain Blood-1924,Captain Blood,1924,Original
Freaky Friday-1976,Freaky Friday,1976,Original
Frenchman's Creek-1944,Frenchman's Creek,1944,Original
Friday the 13th-1980,Friday the 13th,1980,Original
Fright Night-1985,Fright Night,1985,Original
The Front Page-1931,The Front Page,1931,Original
Fun with Dick and Jane-1977,Fun with Dick and Jane,1977,Original
Funny Games-1997,Funny Games,1997,Original
Waterloo Bridge-1931,Waterloo Bridge,1931,Original
Gambit-1966,Gambit,1966,Original
The Gambler-1974,The Gambler,1974,Original
Gaslight-1940,Gaslight,1940,Original
Get Carter-1971,Get Carter,1971,Original
The Getaway-1972,The Getaway,1972,Original
The Lives of a Bengal Lancer-1935,The Lives of a Bengal Lancer,1935,Original
Kaakha Kaakha-2003,Kaakha Kaakha,2003,Original
Ghostbusters-1984,Ghostbusters,1984,Original
Don't Look Up-1996,Don't Look Up,1996,Original
Gloria-1980,Gloria,1980,Original
Gojira-1954,Gojira,1954,Original
Going in Style-1979,Going in Style,1979,Original
Gone in 60 Seconds-1974,Gone in 60 Seconds,1974,Original
The Good Companions-1933,The Good Companions,1933,Original
"I Was Born, But...-1932","I Was Born, But...",1932,Original
The Goodbye Girl-1977,The Goodbye Girl,1977,Original
"Goodbye, Mr. Chips-1939","Goodbye, Mr. Chips",1939,Original
The Great Gatsby-1926,The Great Gatsby,1926,Original
Great Expectations-1917,Great Expectations,1917,Original
Waltzes from Vienna-1934,Waltzes from Vienna,1934,Original
To Have and Have Not-1944,To Have and Have Not,1944,Original
Guess Who's Coming to Dinner-1967,Guess Who's Coming to Dinner,1967,Original
Gulliver's Travels-1939,Gulliver's Travels,1939,Original
Halloween-1978,Halloween,1978,Original
The Beast with Five Fingers-1946,The Beast with Five Fingers,1946,Original
The Hands of Orlac-1924,The Hands of Orlac,1924,Original
La bonne année-1973,La bonne année,1973,Original
Harakiri-1962,Harakiri,1962,Original
Craig's Wife-1936,Craig's Wife,1936,Original
The Hasty Heart-1949,The Hasty Heart,1949,Original
The Haunting-1963,The Haunting,1963,Original
Hodet over vannet-1993,Hodet over vannet,1993,Original
The Heartbreak Kid-1972,The Heartbreak Kid,1972,Original
Heart of Darkness-1958,Heart of Darkness,1958,Original
L.A. Takedown-1989,L.A. Takedown,1989,Original
High Noon-1952,High Noon,1952,Original
The Philadelphia Story-1940,The Philadelphia Story,1940,Original
The Hills Have Eyes-1977,The Hills Have Eyes,1977,Original
The Hitcher-1986,The Hitcher,1986,Original
Holiday-1930,Holiday,1930,Original
The Incredible Journey-1963,The Incredible Journey,1963,Original
The Horn Blows at Midnight-1945,The Horn Blows at Midnight,1945,Original
The Hound of the Baskervilles-1937,The Hound of the Baskervilles,1937,Original
Mystery of the Wax Museum-1933,Mystery of the Wax Museum,1933,Original
House on Haunted Hill-1959,House on Haunted Hill,1959,Original
How to Make a Monster-1958,How to Make a Monster,1958,Original
Huckleberry Finn-1920,Huckleberry Finn,1920,Original
The Hunchback of Notre Dame-1923,The Hunchback of Notre Dame,1923,Original
The Hurricane-1937,The Hurricane,1937,Original
The Last Man on Earth-1964,The Last Man on Earth,1964,Original
High Sierra-1941,High Sierra,1941,Original
I Married a Monster from Outer Space-1958,I Married a Monster from Outer Space,1958,Original
The Informer-1929,The Informer,1929,Original
Inherit the Wind-1960,Inherit the Wind,1960,Original
I Saw What You Did-1965,I Saw What You Did,1965,Original
I Spit on Your Grave-1978,I Spit on Your Grave,1978,Original
I Want to Live!-1958,I Want to Live!,1958,Original
Ice Castles-1978,Ice Castles,1978,Original
Premier rendez-vous-1941,Premier rendez-vous,1941,Original
Imitation of Life-1934,Imitation of Life,1934,Original
Homecoming to Happiness-1933,Homecoming to Happiness,1933,Original
The Children of Captain Grant-1936,The Children of Captain Grant,1936,Original
Indiscretion of an American Wife-1953,Indiscretion of an American Wife,1953,Original
The Initiation of Sarah-1978,The Initiation of Sarah,1978,Original
The In-Laws-1979,The In-Laws,1979,Original
Insomnia-1997,Insomnia,1997,Original
Les choses de la vie-1970,Les choses de la vie,1970,Original
Intermezzo-1936,Intermezzo,1936,Original
Interview-2003,Interview,2003,Original
Invaders from Mars-1953,Invaders from Mars,1953,Original
Invasion of the Body Snatchers-1956,Invasion of the Body Snatchers,1956,Original
Irma la Douce-1963,Irma la Douce,1963,Original
Rashomon-1950,Rashomon,1950,Original
L'ile d'épouvante-1911,L'ile d'épouvante,1911,Original
The Italian Job-1969,The Italian Job,1969,Original
It's Alive-1974,It's Alive,1974,Original
The Last Man on Earth-1924,The Last Man on Earth,1924,Original
The Day of the Jackal-1973,The Day of the Jackal,1973,Original
Jacob the Liar-1975,Jacob the Liar,1975,Original
Jamaica Inn-1939,Jamaica Inn,1939,Original
Jane Eyre-1934,Jane Eyre,1934,Original
The Jazz Singer-1927,The Jazz Singer,1927,Original
Jigoku-1960,Jigoku,1960,Original
Journey into Fear-1943,Journey into Fear,1943,Original
Journey's End-1930,Journey's End,1930,Original
Jungle Book-1942,Jungle Book,1942,Original
Un indien dans la ville-1994,Un indien dans la ville,1994,Original
Les Visiteurs-1993,Les Visiteurs,1993,Original
Nihon Chinbotsu-1973,Nihon Chinbotsu,1973,Original
The Karate Kid-1984,The Karate Kid,1984,Original
Kidnapped-1938,Kidnapped,1938,Original
King Kong-1933,King Kong,1933,Original
King Solomon's Mines-1937,King Solomon's Mines,1937,Original
A Connecticut Yankee in King Arthur's Court-1921,A Connecticut Yankee in King Arthur's Court,1921,Original
A Kiss Before Dying-1956,A Kiss Before Dying,1956,Original
Dona Flor e Seus Dois Maridos-1976,Dona Flor e Seus Dois Maridos,1976,Original
The Secret Hour-1928,The Secret Hour,1928,Original
Death Game-1977,Death Game,1977,Original
West of Zanzibar-1928,West of Zanzibar,1928,Original
Lady and the Tramp-1955,Lady and the Tramp,1955,Original
The Ladykillers-1955,The Ladykillers,1955,Original
The Lady Vanishes-1938,The Lady Vanishes,1938,Original
Il Mare-2000,Il Mare,2000,Original
The Land That Time Forgot-1975,The Land That Time Forgot,1975,Original
Last Holiday-1950,Last Holiday,1950,Original
The Virgin Spring-1960,The Virgin Spring,1960,Original
L'ultimo bacio-2001,L'ultimo bacio,2001,Original
The Last Hurrah-1958,The Last Hurrah,1958,Original
The Last of the Mohicans-1920,The Last of the Mohicans,1920,Original
Les Misérables-1934,Les Misérables,1934,Original
Let The Right One In-2008,Let The Right One In,2008,Original
The Lion King-1994,The Lion King,1994,Original
Little Fugitive-1953,Little Fugitive,1953,Original
Little Miss Marker-1934,Little Miss Marker,1934,Original
The Little Shop of Horrors-1960,The Little Shop of Horrors,1960,Original
Little Women-1933,Little Women,1933,Original
The Lodger-1927,The Lodger,1927,Original
Loft-2008,Loft,2008,Original
LOL-Laughing Out Loud,LOL,Laughing Out Loud,Original
The Longest Yard-1974,The Longest Yard,1974,Original
His Royal Slyness-1920,His Royal Slyness,1920,Original
"The Long, Hot Summer-1958","The Long, Hot Summer",1958,Original
Le Jour se lève-1939,Le Jour se lève,1939,Original
Lost Horizon-1937,Lost Horizon,1937,Original
The Lost World-1925,The Lost World,1925,Original
Can’t Buy Me Love-1987,Can’t Buy Me Love,1987,Original
Swamp Water-1941,Swamp Water,1941,Original
M-1931,M,1931,Original
Mädchen in Uniform-1931,Mädchen in Uniform,1931,Original
Murder!-1930,Murder!,1930,Original
Pampered Youth-1925,Pampered Youth,1925,Original
Magnificent Obsession-1935,Magnificent Obsession,1935,Original
I Am Sam-2001,I Am Sam,2001,Original
The Private War of Major Benson-1955,The Private War of Major Benson,1955,Original
The Maltese Falcon-1931,The Maltese Falcon,1931,Original
The Iron Mask-1929,The Iron Mask,1929,Original
Le Grand Blond avec une chaussure noire-1972,Le Grand Blond avec une chaussure noire,1972,Original
The Man Who Knew Too Much-1934,The Man Who Knew Too Much,1934,Original
L'Homme qui aimait les femmes-1977,L'Homme qui aimait les femmes,1977,Original
The Manchurian Candidate-1962,The Manchurian Candidate,1962,Original
Manichitrathazhu-1993,Manichitrathazhu,1993,Original
Marcelino Pan y Vino-1955,Marcelino Pan y Vino,1955,Original
Marilyn Hotchkiss' Ballroom Dancing and Charm School-1990,Marilyn Hotchkiss' Ballroom Dancing and Charm School,1990,Original
London After Midnight-1927,London After Midnight,1927,Original
The Mark of Zorro-1920,The Mark of Zorro,1920,Original
Martyrs-2008,Martyrs,2008,Original
Midnight-1939,Midnight,1939,Original
The Mechanic-1972,The Mechanic,1972,Original
Death Takes a Holiday-1934,Death Takes a Holiday,1934,Original
Meet Me in St. Louis-1944,Meet Me in St. Louis,1944,Original
La vie continue-1981,La vie continue,1981,Original
It's a Wonderful Life-1946,It's a Wonderful Life,1946,Original
The Merry Widow-1925,The Merry Widow,1925,Original
Merton of the Movies-1924,Merton of the Movies,1924,Original
Bicycle Thieves-1948,Bicycle Thieves,1948,Original
Mighty Joe Young-1949,Mighty Joe Young,1949,Original
Miracle on 34th Street-1947,Miracle on 34th Street,1947,Original
The Miracle Man-1919,The Miracle Man,1919,Original
Le Mariage a Deux Faces-1959,Le Mariage a Deux Faces,1959,Original
Into the Mirror-2003,Into the Mirror,2003,Original
Miss Granny-2014,Miss Granny,2014,Original
Le Père Noël est une ordure-1982,Le Père Noël est une ordure,1982,Original
The Sea Beast-1926,The Sea Beast,1926,Original
Red Dust-1932,Red Dust,1932,Original
Mr. Blandings Builds His Dream House-1948,Mr. Blandings Builds His Dream House,1948,Original
The Magnificent Fraud-1939,The Magnificent Fraud,1939,Original
The Monkey's Paw-1923,The Monkey's Paw,1923,Original
Mother's Day-1980,Mother's Day,1980,Original
My Favorite Wife-1940,My Favorite Wife,1940,Original
Mr. Deeds Goes to Town-1936,Mr. Deeds Goes to Town,1936,Original
No Man of Her Own-1950,No Man of Her Own,1950,Original
The Mummy-1932,The Mummy,1932,Original
Munna Bhai M.B.B.S.-2003,Munna Bhai M.B.B.S.,2003,Original
Murder on the Orient Express-1974,Murder on the Orient Express,1974,Original
The Music Man-1962,The Music Man,1962,Original
My Bloody Valentine-1981,My Bloody Valentine,1981,Original
My Cousin Rachel-1952,My Cousin Rachel,1952,Original
Frontier Marshal-1934,Frontier Marshal,1934,Original
Pygmalion-1938,Pygmalion,1938,Original
"Mon père, ce héros-1991","Mon père, ce héros",1991,Original
My Man Godfrey-1936,My Man Godfrey,1936,Original
The Mysterious Island-1929,The Mysterious Island,1929,Original
Super Mario Bros-1993,Super Mario Bros,1993,Original
Autograph-2004,Autograph,2004,Original
Dracula's Daughter-1936,Dracula's Daughter,1936,Original
Thunderball-1965,Thunderball,1965,Original
Anything for Her-2008,Anything for Her,2008,Original
Night and the City-1950,Night and the City,1950,Original
Night Must Fall-1937,Night Must Fall,1937,Original
The Night of the Hunter-1955,The Night of the Hunter,1955,Original
A Nightmare on Elm Street-1984,A Nightmare on Elm Street,1984,Original
Night of the Demons-1988,Night of the Demons,1988,Original
Night of the Living Dead-1968,Night of the Living Dead,1968,Original
Nattevagten-1994,Nattevagten,1994,Original
Neuf mois-1994,Neuf mois,1994,Original
Mostly Martha-2001,Mostly Martha,2001,Original
Nosferatu-1922,Nosferatu,1922,Original
The Big Clock-1948,The Big Clock,1948,Original
Not of This Earth-1957,Not of This Earth,1957,Original
Notorious-1946,Notorious,1946,Original
Nueve Reinas-2000,Nueve Reinas,2000,Original
The Nutty Professor-1963,The Nutty Professor,1963,Original
Ocean's 11-1960,Ocean's 11,1960,Original
It Started with Eve-1941,It Started with Eve,1941,Original
Of Human Bondage-1934,Of Human Bondage,1934,Original
Of Mice and Men-1939,Of Mice and Men,1939,Original
The Old Dark House-1932,The Old Dark House,1932,Original
Oldboy-2003,Oldboy,2003,Original
Oliver Twist-1922,Oliver Twist,1922,Original
The Omen-1976,The Omen,1976,Original
On the Beach-1959,On the Beach,1959,Original
One Missed Call-Chakushin Ari,One Missed Call,Chakushin Ari,Original
One Sunday Afternoon-1933,One Sunday Afternoon,1933,Original
The Prisoner of Shark Island-1936,The Prisoner of Shark Island,1936,Original
Black Orpheus-1959,Black Orpheus,1959,Original
La Sirène du Mississipi-1969,La Sirène du Mississipi,1969,Original
The Two Orphans-1915,The Two Orphans,1915,Original
Oscar-1967,Oscar,1967,Original
The Out-of-Towners-1970,The Out-of-Towners,1970,Original
Overboard-1987,Overboard,1987,Original
A Yank at Oxford-1938,A Yank at Oxford,1938,Original
Rendezvous-1935,Rendezvous,1935,Original
Papillon-1973,Papillon,1973,Original
Le grand chemin-1987,Le grand chemin,1987,Original
Twice Upon a Time-1953,Twice Upon a Time,1953,Original
Le Dernier Tournant-1939,Le Dernier Tournant,1939,Original
Ofelas-1987,Ofelas,1987,Original
Shanghai Express-1932,Shanghai Express,1932,Original
Dial M for Murder-1954,Dial M for Murder,1954,Original
Pet Sematary-1989,Pet Sematary,1989,Original
An American Tragedy-1931,An American Tragedy,1931,Original
The Phantom Carriage-1921,The Phantom Carriage,1921,Original
The Phantom of the Opera-1925,The Phantom of the Opera,1925,Original
Picnic-1955,Picnic,1955,Original
Piranha-1978,Piranha,1978,Original
Planet of the Apes-1968,Planet of the Apes,1968,Original
The Plank-1967,The Plank,1967,Original
Lady for a Day-1933,Lady for a Day,1933,Original
Point Break-1991,Point Break,1991,Original
La Femme Nikita-1990,La Femme Nikita,1990,Original
Poltergeist-1982,Poltergeist,1982,Original
Pokiri-2006,Pokiri,2006,Original
The Poseidon Adventure-1972,The Poseidon Adventure,1972,Original
The Bishop's Wife-1947,The Bishop's Wife,1947,Original
Premonition-2004,Premonition,2004,Original
Pride and Prejudice-1940,Pride and Prejudice,1940,Original
Disraeli-1916,Disraeli,1916,Original
The Prince and the Pauper-1920,The Prince and the Pauper,1920,Original
The Prisoner of Zenda-1922,The Prisoner of Zenda,1922,Original
The Producers-1968,The Producers,1968,Original
Prom Night-1980,Prom Night,1980,Original
Psycho-1960,Psycho,1960,Original
Kairo-2001,Kairo,2001,Original
REC-2007,REC,2007,Original
The Rainmaker-1956,The Rainmaker,1956,Original
Sholay-1975,Sholay,1975,Original
Naadodigal-2009,Naadodigal,2009,Original
Ransom!-1956,Ransom!,1956,Original
The Razor's Edge-1946,The Razor's Edge,1946,Original
Rear Window-1954,Rear Window,1954,Original
Red Dawn-1984,Red Dawn,1984,Original
Rebecca-1940,Rebecca,1940,Original
The Red Badge of Courage-1951,The Red Badge of Courage,1951,Original
Manhunter-1986,Manhunter,1986,Original
Reefer Madness-1936,Reefer Madness,1936,Original
Force Majeure-1989,Force Majeure,1989,Original
Yonggary-1967,Yonggary,1967,Original
Old Acquaintance-1943,Old Acquaintance,1943,Original
Broadway Bill-1934,Broadway Bill,1934,Original
Ringu-1998,Ringu,1998,Original
Rio Bravo-1959,Rio Bravo,1959,Original
Robin Hood-1922,Robin Hood,1922,Original
RoboCop-1987,RoboCop,1987,Original
The Miracle of Morgan's Creek-1944,The Miracle of Morgan's Creek,1944,Original
Rollerball-1975,Rollerball,1975,Original
Man Hunt-1941,Man Hunt,1941,Original
The Roman Spring of Mrs. Stone-1961,The Roman Spring of Mrs. Stone,1961,Original
Single White Female-1992,Single White Female,1992,Original
The Most Dangerous Game-1932,The Most Dangerous Game,1932,Original
Runaway Daughters-1956,Runaway Daughters,1956,Original
Sabrina-1954,Sabrina,1954,Original
The Thirteen-1937,The Thirteen,1937,Original
Satan's School for Girls-1973,Satan's School for Girls,1973,Original
Saturday's Children-1929,Saturday's Children,1929,Original
Scandal Makers-2008,Scandal Makers,2008,Original
The Scapegoat-1959,The Scapegoat,1959,Original
The Ghost Breakers-1940,The Ghost Breakers,1940,Original
Scarface-1932,Scarface,1932,Original
Profumo di donna-1974,Profumo di donna,1974,Original
School for Scoundrels-1960,School for Scoundrels,1960,Original
Séance on a Wet Afternoon-1964,Séance on a Wet Afternoon,1964,Original
The Sea Wolf-1930,The Sea Wolf,1930,Original
Himitsu-1999,Himitsu,1999,Original
El secreto de sus ojos-2009,El secreto de sus ojos,2009,Original
The Secret Life of Walter Mitty-1947,The Secret Life of Walter Mitty,1947,Original
Senso-1979,Senso,1979,Original
Gunga Din-1939,Gunga Din,1939,Original
Seventh Heaven-1927,Seventh Heaven,1927,Original
Shadow of a Doubt-1943,Shadow of a Doubt,1943,Original
Shaft-1971,Shaft,1971,Original
The Shaggy Dog-1959,The Shaggy Dog,1959,Original
"Shake, Rattle & Rock!-1956","Shake, Rattle & Rock!",1956,Original
The Paleface-1948,The Paleface,1948,Original
Shall We Dansu?-1996,Shall We Dansu?,1996,Original
Lage Raho Munna Bhai-2006,Lage Raho Munna Bhai,2006,Original
She-1935,She,1935,Original
The Shining-1980,The Shining,1980,Original
Shiva-1989,Shiva,1989,Original
The Devil and Daniel Webster-1941,The Devil and Daniel Webster,1941,Original
Show Boat-1929,Show Boat,1929,Original
Sideways-2004,Sideways,2004,Original
Ninotchka-1939,Ninotchka,1939,Original
The Sign of the Cross-1914,The Sign of the Cross,1914,Original
Rome Express-1932,Rome Express,1932,Original
So Big-1924,So Big,1924,Original
Solaris-1968,Solaris,1968,Original
Midsommer-2003,Midsommer,2003,Original
Ball of Fire-1941,Ball of Fire,1941,Original
Le Salaire de la Peur-1953,Le Salaire de la Peur,1953,Original
The House on Sorority Row-1983,The House on Sorority Row,1983,Original
The Sound and the Fury-1959,The Sound and the Fury,1959,Original
Spring Parade-1934,Spring Parade,1934,Original
Spring in a Small Town-1948,Spring in a Small Town,1948,Original
The Squaw Man-1914,The Squaw Man,1914,Original
Morning Glory-1933,Morning Glory,1933,Original
Stagecoach-1939,Stagecoach,1939,Original
A Star Is Born-1937,A Star Is Born,1937,Original
State Fair-1933,State Fair,1933,Original
The Stepfather-1987,The Stepfather,1987,Original
The Stepford Wives-1975,The Stepford Wives,1975,Original
Straw Dogs-1971,Straw Dogs,1971,Original
The Student of Prague-1913,The Student of Prague,1913,Original
Judge Priest-1934,Judge Priest,1934,Original
The Sunshine Boys-1975,The Sunshine Boys,1975,Original
Svengali-1931,Svengali,1931,Original
The Swan-1925,The Swan,1925,Original
Sweet November-1968,Sweet November,1968,Original
Swept Away by an Unusual Destiny in the Blue Sea of August-1974,Swept Away by an Unusual Destiny in the Blue Sea of August,1974,Original
Taking of Pelham One Two Three-1974,Taking of Pelham One Two Three,1974,Original
Tarzan the Ape Man-1932,Tarzan the Ape Man,1932,Original
Taxi-1998,Taxi,1998,Original
The Texas Chain Saw Massacre-1974,The Texas Chain Saw Massacre,1974,Original
That Darn Cat!-1965,That Darn Cat!,1965,Original
Thief of Bagdad-1924,Thief of Bagdad,1924,Original
They Live by Night-1948,They Live by Night,1948,Original
The 39 Steps-1935,The 39 Steps,1935,Original
The Birth of Japan-1959,The Birth of Japan,1959,Original
The Thing from Another World-1951,The Thing from Another World,1951,Original
Welt am Draht-1973,Welt am Draht,1973,Original
13 Ghosts-1960,13 Ghosts,1960,Original
The Thomas Crown Affair-1968,The Thomas Crown Affair,1968,Original
Les Fugitifs-1986,Les Fugitifs,1986,Original
The Three Musketeers-1921,The Three Musketeers,1921,Original
The Time Machine-1960,The Time Machine,1960,Original
To Be or Not to Be-1942,To Be or Not to Be,1942,Original
Leave Her to Heaven-1945,Leave Her to Heaven,1945,Original
The Toolbox Murders-1978,The Toolbox Murders,1978,Original
Eat Drink Man Woman-1994,Eat Drink Man Woman,1994,Original
Total Recall-1990,Total Recall,1990,Original
Tom Brown's Schooldays-1916,Tom Brown's Schooldays,1916,Original
Tom Sawyer-1917,Tom Sawyer,1917,Original
Anthony Zimmer-2005,Anthony Zimmer,2005,Original
Tower of London-1939,Tower of London,1939,Original
Le Jouet-1976,Le Jouet,1976,Original
Trader Horn-1931,Trader Horn,1931,Original
Treasure Island-1920,Treasure Island,1920,Original
True Grit-1969,True Grit,1969,Original
La Totale!-1991,La Totale!,1991,Original
Charade-1963,Charade,1963,Original
Le jumeau-1984,Le jumeau,1984,Original
Under Capricorn-1949,Under Capricorn,1949,Original
Garde à vue-1981,Garde à vue,1981,Original
Criss Cross-1949,Criss Cross,1949,Original
La femme infidèle-1969,La femme infidèle,1969,Original
Unfaithfully Yours-1948,Unfaithfully Yours,1948,Original
The Letter-1929,The Letter,1929,Original
The Unholy Three-1925,The Unholy Three,1925,Original
The Unknown Soldier-1955,The Unknown Soldier,1955,Original
The Intouchables-2011,The Intouchables,2011,Original
Abre Los Ojos-1997,Abre Los Ojos,1997,Original
Spoorloos-1988,Spoorloos,1988,Original
Vanishing Point-1971,Vanishing Point,1971,Original
Vanity Fair-1915,Vanity Fair,1915,Original
Frankenstein-1931,Frankenstein,1931,Original
Viktor und Viktoria-1933,Viktor und Viktoria,1933,Original
Village of the Damned-1960,Village of the Damned,1960,Original
The Virginian-1914,The Virginian,1914,Original
The More the Merrier-1943,The More the Merrier,1943,Original
Sous le ciel de Provence-1956,Sous le ciel de Provence,1956,Original
Walking Tall-1973,Walking Tall,1973,Original
The War of the Worlds-1953,The War of the Worlds,1953,Original
Castle of Blood-1964,Castle of Blood,1964,Original
Stepmom-1998,Stepmom,1998,Original
We're No Angels-1955,We're No Angels,1955,Original
The Reluctant Debutante-1958,The Reluctant Debutante,1958,Original
When a Stranger Calls-1979,When a Stranger Calls,1979,Original
What Ever Happened to Baby Jane?-1962,What Ever Happened to Baby Jane?,1962,Original
What Women Want-2000,What Women Want,2000,Original
Where the Boys Are-1960,Where the Boys Are,1960,Original
The Wicked Lady-1945,The Wicked Lady,1945,Original
The Wicker Man-1973,The Wicker Man,1973,Original
L'Appartement-1996,L'Appartement,1996,Original
Willard-1971,Willard,1971,Original
The Winslow Boy-1948,The Winslow Boy,1948,Original
Blind-2011,Blind,2011,Original
The Wizard of Oz-1925,The Wizard of Oz,1925,Original
Witness for the Prosecution-1957,Witness for the Prosecution,1957,Original
The Wolf Man-1941,The Wolf Man,1941,Original
The Woman in Black-1989,The Woman in Black,1989,Original
Un éléphant ça trompe énormément-1976,Un éléphant ça trompe énormément,1976,Original
Crimes at the Dark House-1940,Crimes at the Dark House,1940,Original
The Women-1939,The Women,1939,Original
The Yellow Handkerchief-1977,The Yellow Handkerchief,1977,Original
Jogi-2005,Jogi,2005,Original
It Happened One Night-1934,It Happened One Night,1934,Original
"Yours, Mine and Ours-1968","Yours, Mine and Ours",1968,Original
The Major and the Minor-1942,The Major and the Minor,1942,Original
The Shop Around the Corner-1940,The Shop Around the Corner,1940,Original
