Movie ID,Remake Title,Remake Year,Remake IMDb ID
13-2010,13,2010,tt0798817
The 13th Letter-1951,The 13th Letter,1951,tt0043251
101 Dalmatians-1996,101 Dalmatians,1996,tt0115433
2001 Maniacs-2005,2001 Maniacs,2005,tt0264323
Tokyo Godfathers-2003,Tokyo Godfathers,2003,tt0388473
3 Idiotas-2017,3 Idiotas,2017,tt3685624
3:10 to Yuma-2007,3:10 to Yuma,2007,tt0381849
Nineteen Eighty-Four-1984,Nineteen Eighty-Four,1984,
A Southern Yankee-1948,A Southern Yankee,1948,tt0040825
Abbott and Costello in Hollywood-1945,Abbott and Costello in Hollywood,1945,
Adventures in Babysitting-2016,Adventures in Babysitting,2016,tt4456850
An Affair to Remember-1957,An Affair to Remember,1957,tt0050105
Against All Odds-1984,Against All Odds,1984,tt0086859
Airplane!-1980,Airplane!,1980,tt0080339
Aladdin-2019,Aladdin,2019,tt6139732
Alfie-2004,Alfie,2004,tt0375173
Algiers-1938,Algiers,1938,tt0029855
All Quiet on the Western Front-1979,All Quiet on the Western Front,1979,tt0078753
Always-1989,Always,1989,tt0096794
The Amityville Horror-2005,The Amityville Horror,2005,tt0384806
Anna Karenina-2012,Anna Karenina,2012,tt1781769
And God Created Woman-1988,And God Created Woman,1988,tt0092559
And Soon the Darkness-2010,And Soon the Darkness,2010,tt1391034
Angels in the Outfield-1994,Angels in the Outfield,1994,tt0109127
Angel on My Shoulder-1980,Angel on My Shoulder,1980,tt0080371
Annie-2014,Annie,2014,tt1823664
Annavaram-2006,Annavaram,2006,tt0493389
Anthropophagous 2000-1999,Anthropophagous 2000,1999,tt0202233
Applause-1973,Applause,1973,tt0157321
April Fool's Day-2008,April Fool's Day,2008,tt1018817
Around the World in 80 Days-2004,Around the World in 80 Days,2004,tt0327437
The Arena-2001,The Arena,2001,tt0284867
Arthur-2011,Arthur,2011,tt1334512
Assault on Precinct 13-2005,Assault on Precinct 13,2005,tt0398712
Attack of the 50 Ft. Woman-1993,Attack of the 50 Ft. Woman,1993,tt0106317
Babes in Toyland-1997,Babes in Toyland,1997,tt0168473
The Bachelor-1999,The Bachelor,1999,tt0120596
Back Street-1961,Back Street,1961,tt0054653
Bad News Bears-2005,Bad News Bears,2005,tt0408524
The Ballad of Narayama-1983,The Ballad of Narayama,1983,tt0084390
The Bad Seed-2018,The Bad Seed,2018,tt4823992
Bangkok Dangerous-2008,Bangkok Dangerous,2008,tt0814022
Barb Wire-1996,Barb Wire,1996,tt0115624
The Battle of the Sexes-1928,The Battle of the Sexes,1928,tt0018678
The Magnificent Seven-2016,The Magnificent Seven,2016,tt2404435
The Beat that My Heart Skipped-2005,The Beat that My Heart Skipped,2005,
The Last Remake of Beau Geste-1977,The Last Remake of Beau Geste,1977,tt0076297
Beauty and the Beast-2017,Beauty and the Beast,2017,tt2771200
Bedazzled-2000,Bedazzled,2000,tt0230030
The Beguiled-2017,The Beguiled,2017,tt5592248
Being Julia-2004,Being Julia,2004,tt0340012
Ben-Hur-2016,Ben-Hur,2016,tt2638144
Beongeoli Sam-ryong-1964,Beongeoli Sam-ryong,1964,
Between Us Girls-1942,Between Us Girls,1942,tt0034509
Beyond a Reasonable Doubt-2009,Beyond a Reasonable Doubt,2009,tt1183251
The Big Show-1961,The Big Show,1961,tt0054681
The Big Sleep-1978,The Big Sleep,1978,tt0077234
The Birdcage-1996,The Birdcage,1996,tt0115685
Billy Jack Goes to Washington-1977,Billy Jack Goes to Washington,1977,tt0075754
Black Caesar-1973,Black Caesar,1973,tt0069792
Black Christmas-2019,Black Christmas,2019,tt10481868
Blame it on Rio-1984,Blame it on Rio,1984,
The Blob-1988,The Blob,1988,tt0094761
Blood Diner-1987,Blood Diner,1987,tt0092669
The Blue Angel-1959,The Blue Angel,1959,tt0052638
The Blue Bird-1976,The Blue Bird,1976,tt0074225
Born Yesterday-1993,Born Yesterday,1993,tt0106466
Boudu-2005,Boudu,2005,tt0423877
The Bounty-1984,The Bounty,1984,tt0086993
The Brasher Doubloon-1947,The Brasher Doubloon,1947,tt0039217
Breathless-1983,Breathless,1983,tt0085276
Brewster's Millions-1985,Brewster's Millions,1985,tt0088850
Bride Wars-2015,Bride Wars,2015,tt3833460
Brian's Song-2001,Brian's Song,2001,tt0289873
Broken Blossoms-1936,Broken Blossoms,1936,tt0027400
Brothers-2009,Brothers,2009,tt0765010
The Browning Version-1994,The Browning Version,1994,tt0109340
A Bucket of Blood-1995,A Bucket of Blood,1995,tt0112594
Buddy Buddy-1981,Buddy Buddy,1981,tt0082111
The Buccaneer-1958,The Buccaneer,1958,tt0051436
The Burmese Harp-1985,The Burmese Harp,1985,tt0088810
Cabin Fever-2016,Cabin Fever,2016,tt3832096
The Cabinet of Dr. Caligari-2005,The Cabinet of Dr. Caligari,2005,tt0441741
Calling Philo Vance-1940,Calling Philo Vance,1940,tt0032299
Call of the Wild-2020,Call of the Wild,2020,
Cape Fear-1991,Cape Fear,1991,tt0101540
The Captain-1971,The Captain,1971,tt0067292
Carnival of Souls-1998,Carnival of Souls,1998,tt0120627
Carrie-2013,Carrie,2013,tt1939659
Casino Royale-2006,Casino Royale,2006,tt0381061
The Cat and the Canary-1979,The Cat and the Canary,1979,
Cat People-1982,Cat People,1982,tt0083722
Carousel-1956,Carousel,1956,tt0049055
The Champ-1979,The Champ,1979,tt0078950
Cheaper by the Dozen-2003,Cheaper by the Dozen,2003,tt0349205
Chicago-2002,Chicago,2002,tt0299658
Child's Play-2019,Child's Play,2019,tt8663516
The Children's Hour-1961,The Children's Hour,1961,tt0054743
Chloe-2009,Chloe,2009,tt1352824
A Christmas Carol-2009,A Christmas Carol,2009,tt1067106
Christmas in Connecticut-1992,Christmas in Connecticut,1992,tt0103961
Cinderella-2015,Cinderella,2015,tt1661199
City of Angels-1998,City of Angels,1998,tt0120632
Clash of the Titans-2010,Clash of the Titans,2010,tt0800320
Classmates-2007,Classmates,2007,tt1018698
Cloak & Dagger-1984,Cloak & Dagger,1984,tt0087065
The Computer Wore Tennis Shoes-1995,The Computer Wore Tennis Shoes,1995,tt0112709
Cousins-1989,Cousins,1989,tt0097116
Conan the Barbarian-2011,Conan the Barbarian,2011,tt0816462
The Count of Monte Cristo-2002,The Count of Monte Cristo,2002,tt0245844
Crackers-1984,Crackers,1984,tt0087096
The Crazies-2010,The Crazies,2010,tt0455407
Crime School-1938,Crime School,1938,tt0030026
Criminal-2004,Criminal,2004,tt0362526
D.O.A.-1988,D.O.A.,1988,tt0094933
Dark Victory-1976,Dark Victory,1976,tt0074374
Dark Water-2005,Dark Water,2005,tt0382628
David Copperfield-2000,David Copperfield,2000,tt0238768
Dawn of the Dead-2004,Dawn of the Dead,2004,tt0363547
The Dawn Patrol-1938,The Dawn Patrol,1938,tt0030044
Day of the Dead-2008,Day of the Dead,2008,tt0489018
The Day the Earth Stood Still-2008,The Day the Earth Stood Still,2008,tt0970416
Death Drums Along the River-1963,Death Drums Along the River,1963,
Dead of Winter-1987,Dead of Winter,1987,tt0092842
Death at a Funeral-2010,Death at a Funeral,2010,tt1321509
Death Race-2008,Death Race,2008,tt0452608
Death Wish-2018,Death Wish,2018,tt1137450
The Debt-2011,The Debt,2011,
The Defiant Ones-1986,The Defiant Ones,1986,tt0089010
The Departed-2006,The Departed,2006,tt0407887
Desire-1936,Desire,1936,tt0027515
Desperate Hours-1990,Desperate Hours,1990,tt0099409
Destry-1954,Destry,1954,tt0046906
Le Deuxième Souffle-2007,Le Deuxième Souffle,2007,
Diabolique-1996,Diabolique,1996,tt0116095
Diamond Horseshoe-1945,Diamond Horseshoe,1945,tt0037640
Dirty Rotten Scoundrels-1988,Dirty Rotten Scoundrels,1988,tt0095031
Dr. Jekyll and Mr. Hyde-1941,Dr. Jekyll and Mr. Hyde,1941,tt0033553
Dr. M-1990,Dr. M,1990,tt0099445
Drums of Fu Manchu-1940,Drums of Fu Manchu,1940,tt0032420
Billa-2009,Billa,2009,tt1525323
A Dog of Flanders-1999,A Dog of Flanders,1999,tt0160216
Don Quixote-2000,Don Quixote,2000,tt0181212
Dorian Gray-2009,Dorian Gray,2009,tt1235124
Down-2001,Down,2001,
Down and Out in Beverly Hills-1986,Down and Out in Beverly Hills,1986,tt0090966
Down to Earth-2001,Down to Earth,2001,tt0231775
Dracula-2006,Dracula,2006,tt0847161
Dulcy-1940,Dulcy,1940,tt0032422
Dumbo-2019,Dumbo,2019,tt3861390
East of Eden-1981,East of Eden,1981,
Easy Virtue-2008,Easy Virtue,2008,tt0808244
The Echo-2008,The Echo,2008,tt0897347
EDtv-1999,EDtv,1999,
Ellam Avan Seyal-2008,Ellam Avan Seyal,2008,tt6448784
Endless Love-2014,Endless Love,2014,tt2318092
Escapade-1935,Escapade,1935,tt0026319
Evil Dead-2013,Evil Dead,2013,tt1288558
The Eye-2008,The Eye,2008,tt0406759
Excursion to the Moon-1908,Excursion to the Moon,1908,tt0449252
Exodus: Gods and Kings-2014,Exodus: Gods and Kings,2014,tt1528100
The Experiment-2010,The Experiment,2010,tt0997152
Fame-2009,Fame,2009,tt1016075
"Farewell, My Lovely-1975","Farewell, My Lovely",1975,tt0072973
The Farmer Takes a Wife-1953,The Farmer Takes a Wife,1953,tt0045752
The Farmer's Wife-1941,The Farmer's Wife,1941,tt0033590
Fatal Attraction-1987,Fatal Attraction,1987,tt0093010
Father of the Bride-1991,Father of the Bride,1991,tt0101862
Father of the Bride Part II-1995,Father of the Bride Part II,1995,tt0113041
Fathers' Day-1997,Fathers' Day,1997,tt0119109
Fancy Pants-1950,Fancy Pants,1950,tt0042447
FC Venus-2006,FC Venus,2006,tt0487027
The Fiend Who Walked the West-1958,The Fiend Who Walked the West,1958,tt0051612
The Firm-2009,The Firm,2009,tt1313113
A Fistful of Dollars/Per un pugno di dollari-1964,A Fistful of Dollars/Per un pugno di dollari,1964,
Back from Eternity-1956,Back from Eternity,1956,tt0048975
Flatliners-2017,Flatliners,2017,tt2039338
Fled-1996,Fled,1996,tt0116320
Flight of the Phoenix-2004,Flight of the Phoenix,2004,tt0377062
Flipper-1996,Flipper,1996,tt0116322
Floating Weeds-1959,Floating Weeds,1959,tt0053390
Flubber-1997,Flubber,1997,tt0119137
The Fly-1986,The Fly,1986,tt0091064
The Fog-2005,The Fog,2005,tt0432291
Footloose-2011,Footloose,2011,tt1068242
Forbidden Fruit-1921,Forbidden Fruit,1921,tt0012187
Fortunes of Captain Blood-1950,Fortunes of Captain Blood,1950,tt0042474
Freaky Friday-2018,Freaky Friday,2018,tt7631348
Frenchman's Creek-1998,Frenchman's Creek,1998,tt0179817
Friday the 13th-2009,Friday the 13th,2009,tt0758746
Fright Night-2011,Fright Night,2011,tt1438176
The Front Page-1974,The Front Page,1974,tt0071524
Fun with Dick and Jane-2005,Fun with Dick and Jane,2005,tt0369441
Funny Games-2008,Funny Games,2008,
Gaby-1956,Gaby,1956,tt0049247
Gambit-2012,Gambit,2012,tt0404978
The Gambler-2014,The Gambler,2014,tt2039393
Gaslight-1944,Gaslight,1944,tt0036855
Get Carter-2000,Get Carter,2000,tt0208988
The Getaway-1994,The Getaway,1994,tt0109890
Geronimo-1939,Geronimo,1939,tt0031365
Gharshana-2004,Gharshana,2004,tt0475591
Ghostbusters-2016,Ghostbusters,2016,tt1289401
Ghost Theater-2015,Ghost Theater,2015,tt4289298
Gloria-1999,Gloria,1999,tt0120683
Godzilla-1998,Godzilla,1998,tt0120685
Going in Style-2017,Going in Style,2017,tt2568862
Gone in 60 Seconds-2000,Gone in 60 Seconds,2000,tt0187078
The Good Companions-1957,The Good Companions,1957,tt0050450
Good Morning-1959,Good Morning,1959,tt0053134
The Goodbye Girl-2004,The Goodbye Girl,2004,tt0377990
"Goodbye, Mr. Chips-1969","Goodbye, Mr. Chips",1969,tt0064382
The Great Gatsby-2013,The Great Gatsby,2013,tt1343092
Great Expectations-2012,Great Expectations,2012,tt1836808
The Great Waltz-1972,The Great Waltz,1972,tt0068662
The Gun Runners-1958,The Gun Runners,1958,tt0051687
Guess Who-2005,Guess Who,2005,tt0372237
Gulliver's Travels-2010,Gulliver's Travels,2010,tt1320261
Halloween-2007,Halloween,2007,tt0373883
The Hand-1981,The Hand,1981,tt0082497
The Hands of Orlac-1960,The Hands of Orlac,1960,tt0054963
Happy New Year-1987,Happy New Year,1987,tt0093145
Hara-Kiri: Death of a Samurai-2011,Hara-Kiri: Death of a Samurai,2011,tt1728196
Harriet Craig-1950,Harriet Craig,1950,tt0042544
The Hasty Heart-1983,The Hasty Heart,1983,tt0085650
The Haunting-1999,The Haunting,1999,tt0171363
Head Above Water-1996,Head Above Water,1996,tt0116502
The Heartbreak Kid-2007,The Heartbreak Kid,2007,tt0408839
Heart of Darkness-1993,Heart of Darkness,1993,tt0110002
Heat-1995,Heat,1995,tt0113277
High Noon-2000,High Noon,2000,tt0244536
High Society-1956,High Society,1956,tt0049314
The Hills Have Eyes-2006,The Hills Have Eyes,2006,tt0454841
The Hitcher-2007,The Hitcher,2007,tt0455960
Holiday-1938,Holiday,1938,tt0030241
Homeward Bound: The Incredible Journey-1993,Homeward Bound: The Incredible Journey,1993,tt0107131
The Horn Blows at Midnight-1953,The Horn Blows at Midnight,1953,
The Hound of the Baskervilles-2002,The Hound of the Baskervilles,2002,tt0322622
House of Wax-2005,House of Wax,2005,tt0397065
House on Haunted Hill-1999,House on Haunted Hill,1999,tt0185371
How to Make a Monster-2001,How to Make a Monster,2001,tt0281919
The Adventures of Huck Finn-1993,The Adventures of Huck Finn,1993,tt0106223
The Hunchback-1997,The Hunchback,1997,
Hurricane-1979,Hurricane,1979,tt0079319
I Am Legend-2007,I Am Legend,2007,tt0480249
I Died a Thousand Times-1955,I Died a Thousand Times,1955,tt0048190
I Married a Monster-1998,I Married a Monster,1998,tt0162999
The Informer-1935,The Informer,1935,tt0026529
Inherit the Wind-1999,Inherit the Wind,1999,tt0196632
I Saw What You Did-1988,I Saw What You Did,1988,tt0095344
I Spit on Your Grave-2010,I Spit on Your Grave,2010,tt1242432
I Want to Live!-1983,I Want to Live!,1983,
Ice Castles-2010,Ice Castles,2010,tt1411276
Ihr erstes Rendezvous-1955,Ihr erstes Rendezvous,1955,tt0048197
Imitation of Life-1959,Imitation of Life,1959,tt0052918
L'impiegata di papà-1934,L'impiegata di papà,1934,
In Search for Captain Grant-1986,In Search for Captain Grant,1986,
Indiscretion of an American Wife-1998,Indiscretion of an American Wife,1998,tt0193240
The Initiation of Sarah-2006,The Initiation of Sarah,2006,tt0795403
The In-Laws-2003,The In-Laws,2003,tt0314786
Insomnia-2002,Insomnia,2002,tt0278504
Intersection-1994,Intersection,1994,tt0110146
Intermezzo-1939,Intermezzo,1939,tt0031491
Interview-2007,Interview,2007,tt0480269
Invaders from Mars-1986,Invaders from Mars,1986,tt0091276
The Invasion-2007,The Invasion,2007,tt0427392
Irma la Douce-1972,Irma la Douce,1972,tt0308416
Iron Maze-1991,Iron Maze,1991,tt0102128
The Island of Dr. Moreau-1996,The Island of Dr. Moreau,1996,tt0116654
The Italian Job-2003,The Italian Job,2003,tt0317740
It's Alive-2009,It's Alive,2009,tt1172060
It's Great to Be Alive-1933,It's Great to Be Alive,1933,tt0024189
The Jackal-1997,The Jackal,1997,tt0119395
Jakob the Liar-1999,Jakob the Liar,1999,tt0120716
Jamaica Inn-2014,Jamaica Inn,2014,
Jane Eyre-2011,Jane Eyre,2011,tt1229822
The Jazz Singer-1980,The Jazz Singer,1980,tt0080948
Jigoku-1999,Jigoku,1999,tt0269401
Journey into Fear-1975,Journey into Fear,1975,
Journey's End-2017,Journey's End,2017,tt3780500
Mowgli: Legend of the Jungle-2018,Mowgli: Legend of the Jungle,2018,tt2388771
Jungle 2 Jungle-1997,Jungle 2 Jungle,1997,tt0119432
Just Visiting-2001,Just Visiting,2001,tt0189192
Nihon Chinbotsu-2006,Nihon Chinbotsu,2006,
The Karate Kid-2010,The Karate Kid,2010,tt1155076
Kidnapped-2005,Kidnapped,2005,tt0432236
King Kong-2005,King Kong,2005,tt0360717
King Solomon's Mines-2004,King Solomon's Mines,2004,tt0397501
A Kid in King Arthur's Court-1995,A Kid in King Arthur's Court,1995,tt0113538
A Kiss Before Dying-1991,A Kiss Before Dying,1991,tt0102220
Kiss Me Goodbye-1982,Kiss Me Goodbye,1982,tt0084210
Kiss of Death-1995,Kiss of Death,1995,tt0113552
They Knew What They Wanted-1940,They Knew What They Wanted,1940,tt0033150
Knock Knock-2015,Knock Knock,2015,tt3605418
Kongo-1932,Kongo,1932,tt0023101
Lady and the Tramp-2019,Lady and the Tramp,2019,tt8096832
The Ladykillers-2004,The Ladykillers,2004,tt0335245
The Lady Vanishes-2013,The Lady Vanishes,2013,tt2183152
The Lake House-2006,The Lake House,2006,tt0410297
The Land That Time Forgot-2009,The Land That Time Forgot,2009,tt1410205
Last Holiday-2006,Last Holiday,2006,tt0408985
The Last House on the Left-2009,The Last House on the Left,2009,tt0844708
The Last Kiss-2006,The Last Kiss,2006,tt0434139
Last Man Standing-1996,Last Man Standing,1996,tt0116830
The Last Hurrah-1977,The Last Hurrah,1977,tt0076296
The Last of the Mohicans-1992,The Last of the Mohicans,1992,tt0104691
Les Misérables-2018,Les Misérables,2018,
Let Me In-2010,Let Me In,2010,tt1228987
The Lion King-2019,The Lion King,2019,tt6105098
Little Fugitive-2006,Little Fugitive,2006,tt0418835
Little Miss Marker-1980,Little Miss Marker,1980,tt0081063
Little Shop of Horrors-1986,Little Shop of Horrors,1986,tt0091419
Little Women-2019,Little Women,2019,tt3281548
The Lodger-2009,The Lodger,2009,tt0851530
The Loft-2014,The Loft,2014,tt1850397
LOL-2012,LOL,2012,tt1592873
The Longest Yard-2005,The Longest Yard,2005,tt0398165
Long Fliv the King-1926,Long Fliv the King,1926,tt0017078
The Long Hot Summer-1985,The Long Hot Summer,1985,tt0089500
The Long Night-1947,The Long Night,1947,tt0039581
Lost Horizon-1973,Lost Horizon,1973,tt0070337
The Lost World-2001,The Lost World,2001,tt0302739
Love Affair-1994,Love Affair,1994,tt0110391
Love Don't Cost a Thing-2003,Love Don't Cost a Thing,2003,tt0337592
Lure of the Wilderness-1952,Lure of the Wilderness,1952,tt0044859
M-1951,M,1951,tt0043766
Mädchen in Uniform-1958,Mädchen in Uniform,1958,tt0051964
Mary-1931,Mary,1931,tt0021128
The Magnificent Ambersons-2002,The Magnificent Ambersons,2002,tt0252147
Magnificent Obsession-1954,Magnificent Obsession,1954,tt0047203
Main Aisa Hi Hoon-2005,Main Aisa Hi Hoon,2005,tt0444874
Major Payne-1995,Major Payne,1995,tt0110443
The Maltese Falcon-1941,The Maltese Falcon,1941,tt0033870
The Man in the Iron Mask-1998,The Man in the Iron Mask,1998,tt0120744
The Man with One Red Shoe-1985,The Man with One Red Shoe,1985,tt0089543
The Man Who Knew Too Much-1956,The Man Who Knew Too Much,1956,tt0049470
The Man Who Loved Women-1983,The Man Who Loved Women,1983,tt0085891
The Manchurian Candidate-2004,The Manchurian Candidate,2004,tt0368008
Bhool Bhulaiyaa-2007,Bhool Bhulaiyaa,2007,tt0995031
"Marcelino Pan y Vino-1979, made-for-TV",Marcelino Pan y Vino,"1979, made-for-TV",
Marilyn Hotchkiss' Ballroom Dancing and Charm School-2005,Marilyn Hotchkiss' Ballroom Dancing and Charm School,2005,
Mark of the Vampire-1935,Mark of the Vampire,1935,tt0026685
The Mark of Zorro-1974,The Mark of Zorro,1974,tt0071817
Martyrs-2015,Martyrs,2015,tt1663655
Masquerade in Mexico-1945,Masquerade in Mexico,1945,tt0037903
The Mechanic-2011,The Mechanic,2011,tt0472399
Meet Joe Black-1998,Meet Joe Black,1998,tt0119643
Meet Me in St. Louis-1966,Meet Me in St. Louis,1966,tt0250584
Men Don't Leave-1990,Men Don't Leave,1990,tt0100134
"Merry Christmas, George Bailey-1997","Merry Christmas, George Bailey",1997,tt0136399
The Merry Widow-1952,The Merry Widow,1952,tt0044900
Merton of the Movies-1947,Merton of the Movies,1947,tt0039619
Messenger-1994,Messenger,1994,tt0110498
Mighty Joe Young-1998,Mighty Joe Young,1998,tt0120751
Miracle on 34th Street-1994,Miracle on 34th Street,1994,tt0110527
The Miracle Man-1932,The Miracle Man,1932,tt0023228
The Mirror Has Two Faces-1996,The Mirror Has Two Faces,1996,tt0117057
Mirrors-2008,Mirrors,2008,tt0790686
20 Once Again-2015,20 Once Again,2015,
Mixed Nuts-1994,Mixed Nuts,1994,tt0110538
Moby Dick-2011,Moby Dick,2011,
Mogambo-1953,Mogambo,1953,tt0046085
The Money Pit-1986,The Money Pit,1986,tt0091541
Moon Over Parador-1988,Moon Over Parador,1988,tt0095654
The Monkey's Paw-1948,The Monkey's Paw,1948,tt0179359
Mother's Day-2010,Mother's Day,2010,tt1434435
"Move Over, Darling-1963","Move Over, Darling",1963,tt0057329
Mr. Deeds-2002,Mr. Deeds,2002,tt0280590
Mrs. Winterbourne-1996,Mrs. Winterbourne,1996,tt0117104
The Mummy-1999,The Mummy,1999,tt0120616
Uppi Dada M.B.B.S.-2006,Uppi Dada M.B.B.S.,2006,
Murder on the Orient Express-2017,Murder on the Orient Express,2017,tt3402236
The Music Man-2003,The Music Man,2003,tt0293437
My Bloody Valentine 3D-2009,My Bloody Valentine 3D,2009,
My Cousin Rachel-2017,My Cousin Rachel,2017,tt4411596
My Darling Clementine-1946,My Darling Clementine,1946,tt0038762
My Fair Lady-1964,My Fair Lady,1964,tt0058385
My Father the Hero-1994,My Father the Hero,1994,tt0110612
My Man Godfrey-1957,My Man Godfrey,1957,tt0050738
Jules Verne's Mysterious Island-2012,Jules Verne's Mysterious Island,2012,
Untitled Mario remake film-2022,Untitled Mario remake film,2022,
Naa Autograph-2004,Naa Autograph,2004,
Nadja-1994,Nadja,1994,tt0110620
Naina-2005,Naina,2005,tt0443594
Never Say Never Again-1983,Never Say Never Again,1983,tt0086006
The Next Three Days-2010,The Next Three Days,2010,tt1458175
Night and the City-1992,Night and the City,1992,tt0105001
Night Must Fall-1964,Night Must Fall,1964,tt0058401
Night of the Hunter-1991,Night of the Hunter,1991,tt0102533
A Nightmare on Elm Street-2010,A Nightmare on Elm Street,2010,tt1179056
Night of the Demons-2009,Night of the Demons,2009,tt1268809
Night of the Living Dead 3D-2006,Night of the Living Dead 3D,2006,tt0489244
Nightwatch-1997,Nightwatch,1997,tt0119791
Nine Months-1995,Nine Months,1995,tt0113986
No Reservations-2007,No Reservations,2007,tt0481141
Nosferatu-1979,Nosferatu,1979,
No Way Out-1987,No Way Out,1987,tt0093640
Not of This Earth-1995,Not of This Earth,1995,tt0114004
Notorious-1992,Notorious,1992,tt0105022
All the Best-2012,All the Best,2012,tt2454836
The Nutty Professor-1996,The Nutty Professor,1996,tt0117218
Ocean's Eleven-2001,Ocean's Eleven,2001,tt0240772
Oh Jonathan – oh Jonathan!-1973,Oh Jonathan – oh Jonathan!,1973,
Of Human Bondage-1964,Of Human Bondage,1964,tt0058425
Of Mice and Men-1992,Of Mice and Men,1992,tt0105046
The Old Dark House-1963,The Old Dark House,1963,tt0057379
Oldboy-2013,Oldboy,2013,tt1321511
Oliver Twist-2007,Oliver Twist,2007,
The Omen-2006,The Omen,2006,tt0466909
On the Beach-2000,On the Beach,2000,tt0219224
One Missed Call-2007,One Missed Call,2007,
One Sunday Afternoon-1948,One Sunday Afternoon,1948,tt0040668
The Ordeal of Dr. Mudd-1980,The Ordeal of Dr. Mudd,1980,tt0081281
Orfeu-1999,Orfeu,1999,tt0183613
Original Sin-2001,Original Sin,2001,tt0218922
Orphans of the Storm-1921,Orphans of the Storm,1921,tt0012532
Oscar-1991,Oscar,1991,tt0102603
The Out-of-Towners-1999,The Out-of-Towners,1999,tt0129280
The Outrage-1964,The Outrage,1964,tt0058437
Overboard-2018,Overboard,2018,tt1563742
Oxford Blues-1984,Oxford Blues,1984,tt0087866
Pacific Rendezvous-1942,Pacific Rendezvous,1942,tt0035167
Papillon-2018,Papillon,2018,tt8296448
Paradise-1991,Paradise,1991,tt0102631
The Parent Trap-1998,The Parent Trap,1998,tt0120783
Passion-1998,Passion,1998,
Pathfinder-2006,Pathfinder,2006,
Peking Express-1951,Peking Express,1951,tt0043912
A Perfect Murder-1998,A Perfect Murder,1998,tt0120787
Pet Sematary-2019,Pet Sematary,2019,tt0837563
A Place in the Sun-1951,A Place in the Sun,1951,tt0043924
The Phantom Carriage-1958,The Phantom Carriage,1958,
The Phantom of the Opera-2004,The Phantom of the Opera,2004,tt0293508
Picnic-2000,Picnic,2000,tt0240804
Piranha 3-D-2010,Piranha 3-D,2010,
Planet of the Apes-2001,Planet of the Apes,2001,tt0133152
The Plank-1979,The Plank,1979,tt0079722
Pocketful of Miracles-1961,Pocketful of Miracles,1961,tt0055312
Point Break-2015,Point Break,2015,tt2058673
Point of No Return-1993,Point of No Return,1993,tt0107843
Poltergeist-2015,Poltergeist,2015,tt1029360
Porki-2010,Porki,2010,tt1651934
Poseidon-2006,Poseidon,2006,tt0409182
The Preacher's Wife-1996,The Preacher's Wife,1996,tt0117372
Premonition-2007,Premonition,2007,tt0477071
Pride & Prejudice-2005,Pride & Prejudice,2005,tt0414387
The Prime Minister-1941,The Prime Minister,1941,tt0034065
The Prince and the Pauper-2007,The Prince and the Pauper,2007,
The Prisoner of Zenda-1979,The Prisoner of Zenda,1979,tt0079753
The Producers-2005,The Producers,2005,tt0395251
Prom Night-2008,Prom Night,2008,tt0926129
Psycho-1998,Psycho,1998,tt0155975
Pulse-2006,Pulse,2006,tt0454919
Quarantine-2008,Quarantine,2008,tt1082868
The Rainmaker-1982,The Rainmaker,1982,tt0084568
Ram Gopal Varma Ki Aag-2007,Ram Gopal Varma Ki Aag,2007,
Rangrezz-2013,Rangrezz,2013,tt2706264
Ransom-1996,Ransom,1996,tt0117438
The Razor's Edge-1984,The Razor's Edge,1984,tt0087980
Rear Window-1998,Rear Window,1998,tt0166322
Red Dawn-2012,Red Dawn,2012,tt1234719
Rebecca-1997,Rebecca,1997,
The Red Badge of Courage-1974,The Red Badge of Courage,1974,tt0072069
Red Dragon-2002,Red Dragon,2002,tt0289765
Reefer Madness-2005,Reefer Madness,2005,
Return to Paradise-1998,Return to Paradise,1998,tt0124595
Reptilian-1999,Reptilian,1999,
Rich and Famous-1981,Rich and Famous,1981,tt0082992
Riding High-1950,Riding High,1950,tt0042893
The Ring-2002,The Ring,2002,tt0298130
Rio Lobo-1970,Rio Lobo,1970,tt0066301
Robin Hood-2018,Robin Hood,2018,tt4532826
RoboCop-2014,RoboCop,2014,tt1234721
Rock-A-Bye Baby-1958,Rock-A-Bye Baby,1958,
Rollerball-2002,Rollerball,2002,tt0246894
Rogue Male-1976,Rogue Male,1976,tt0075151
The Roman Spring of Mrs. Stone-2003,The Roman Spring of Mrs. Stone,2003,tt0311730
The Roommate-2011,The Roommate,2011,tt1265990
Run for the Sun-1956,Run for the Sun,1956,tt0049696
Runaway Daughters-1994,Runaway Daughters,1994,
Sabrina-1995,Sabrina,1995,tt0114319
Sahara-1995,Sahara,1995,tt0114324
Satan's School for Girls-2000,Satan's School for Girls,2000,tt0203088
Saturday's Children-1940,Saturday's Children,1940,tt0033024
Scandal Maker-2016,Scandal Maker,2016,tt5936462
The Scapegoat-2012,The Scapegoat,2012,tt2084977
Scared Stiff-1953,Scared Stiff,1953,tt0046280
Scarface-1983,Scarface,1983,tt0086250
Scent of a Woman-1992,Scent of a Woman,1992,tt0105323
School for Scoundrels-2006,School for Scoundrels,2006,tt0462519
Séance-2000,Séance,2000,
Sea Wolf-2009,Sea Wolf,2009,
The Secret-2007,The Secret,2007,tt0446463
Secret in Their Eyes-2015,Secret in Their Eyes,2015,tt1741273
The Secret Life of Walter Mitty-2013,The Secret Life of Walter Mitty,2013,tt0359950
Senso '45-2002,Senso '45,2002,
Sergeants 3-1962,Sergeants 3,1962,tt0056470
Seventh Heaven-1937,Seventh Heaven,1937,tt0029539
Shadow of a Doubt-1991,Shadow of a Doubt,1991,tt0102896
Shaft-2000,Shaft,2000,tt0162650
The Shaggy Dog-2006,The Shaggy Dog,2006,tt0393735
"Shake, Rattle and Rock!-1994","Shake, Rattle and Rock!",1994,tt0111147
The Shakiest Gun in the West-1968,The Shakiest Gun in the West,1968,tt0063591
Shall We Dance-2004,Shall We Dance,2004,tt0358135
Dr. Nawariyan-2017,Dr. Nawariyan,2017,tt7730042
Shankar Dada Zindabad-2007,Shankar Dada Zindabad,2007,
She-1965,She,1965,tt0059710
The Shining-1997,The Shining,1997,tt0118460
Shiva-2006,Shiva,2006,tt0831816
Shortcut to Happiness-2007,Shortcut to Happiness,2007,
Show Boat-1951,Show Boat,1951,tt0044030
Sideways-2009,Sideways,2009,tt1236373
Silk Stockings-1957,Silk Stockings,1957,tt0050972
The Sign of the Cross-1932,The Sign of the Cross,1932,tt0023470
Sleeping Car to Trieste-1948,Sleeping Car to Trieste,1948,tt0040799
So Big-1953,So Big,1953,tt0046333
Solaris-2002,Solaris,2002,tt0307479
Solstice-2008,Solstice,2008,tt0473267
A Song Is Born-1948,A Song Is Born,1948,tt0040820
Sorcerer-1977,Sorcerer,1977,tt0076740
Sorority Row-2009,Sorority Row,2009,tt1232783
The Sound and the Fury-2014,The Sound and the Fury,2014,tt3026144
Spring Parade-1940,Spring Parade,1940,tt0033095
Springtime in a Small Town-2002,Springtime in a Small Town,2002,tt0332831
The Squaw Man-1931,The Squaw Man,1931,tt0022428
Stage Struck-1958,Stage Struck,1958,tt0052235
Stagecoach-1986,Stagecoach,1986,tt0092003
A Star Is Born-2018,A Star Is Born,2018,tt1517451
State Fair-1962,State Fair,1962,tt0056526
The Stepfather-2009,The Stepfather,2009,tt0814335
The Stepford Wives-2004,The Stepford Wives,2004,tt0327162
Stolen Hours-1963,Stolen Hours,1963,
Straw Dogs-2011,Straw Dogs,2011,tt0999913
The Student of Prague-1935,The Student of Prague,1935,tt0027055
The Sun Shines Bright-1953,The Sun Shines Bright,1953,tt0046384
The Sunshine Boys-1996,The Sunshine Boys,1996,tt0114580
Svengali-1983,Svengali,1983,tt0086399
The Swan-1956,The Swan,1956,tt0049815
Sweet 20-2015,Sweet 20,2015,
Sweet November-2001,Sweet November,2001,tt0230838
Swept Away-2002,Swept Away,2002,tt0291502
Switching Channels-1988,Switching Channels,1988,tt0096203
The Taking of Pelham 1 2 3-2009,The Taking of Pelham 1 2 3,2009,
"Tarzan, the Ape Man-1959","Tarzan, the Ape Man",1959,tt0053335
Taxi-2004,Taxi,2004,tt0316732
The Texas Chainsaw Massacre-2003,The Texas Chainsaw Massacre,2003,tt0324216
That Darn Cat-1997,That Darn Cat,1997,tt0120317
The Thief of Baghdad-1978,The Thief of Baghdad,1978,tt0078385
Thieves Like Us-1974,Thieves Like Us,1974,tt0072274
The 39 Steps-2008,The 39 Steps,2008,tt1282016
Yamato Takeru-1994,Yamato Takeru,1994,tt0111783
The Thing-1982,The Thing,1982,tt0084787
The Thirteenth Floor-1999,The Thirteenth Floor,1999,tt0139809
Thirteen Ghosts-2001,Thirteen Ghosts,2001,
The Thomas Crown Affair-1999,The Thomas Crown Affair,1999,tt0155267
Three Fugitives-1989,Three Fugitives,1989,tt0098471
The Three Musketeers-2011,The Three Musketeers,2011,tt1509767
The Time Machine-2002,The Time Machine,2002,tt0268695
To Be or Not to Be-1983,To Be or Not to Be,1983,tt0086450
Too Good to Be True-1988,Too Good to Be True,1988,tt0096285
Toolbox Murders-2004,Toolbox Murders,2004,tt0367153
Tortilla Soup-2001,Tortilla Soup,2001,tt0255653
Total Recall-2012,Total Recall,2012,tt1386703
Tom Brown's Schooldays-2005,Tom Brown's Schooldays,2005,tt0415322
Tom Sawyer & Huckleberry Finn-2014,Tom Sawyer & Huckleberry Finn,2014,tt1977087
The Tourist-2010,The Tourist,2010,tt1243957
Tower of London-1962,Tower of London,1962,tt0056606
The Toy-1982,The Toy,1982,tt0084809
Trader Horn-1973,Trader Horn,1973,tt0070823
Treasure Island-2012,Treasure Island,2012,tt1820723
True Grit-2010,True Grit,2010,tt1403865
True Lies-1994,True Lies,1994,tt0111503
The Truth About Charlie-2002,The Truth About Charlie,2002,tt0270707
Two Much-1996,Two Much,1996,
Under Capricorn-1983,Under Capricorn,1983,tt0083498
Under Suspicion-2000,Under Suspicion,2000,tt0164212
The Underneath-1995,The Underneath,1995,tt0114788
Ganda Hendathi-2006,Ganda Hendathi,2006,tt2417628
Unfaithfully Yours-1984,Unfaithfully Yours,1984,tt0088326
The Unfaithful-1947,The Unfaithful,1947,tt0039937
The Unholy Three-1930,The Unholy Three,1930,tt0021505
The Unknown Soldier-1985,The Unknown Soldier,1985,tt0090215
The Upside-2019,The Upside,2019,
Vanilla Sky-2001,Vanilla Sky,2001,tt0259711
The Vanishing-1993,The Vanishing,1993,tt0108473
Vanishing Point-1997,Vanishing Point,1997,tt0120430
Vanity Fair-2018,Vanity Fair,2018,tt7076630
Victor Frankenstein-2015,Victor Frankenstein,2015,tt1976009
Victor/Victoria-1982,Victor/Victoria,1982,
Village of the Damned-1995,Village of the Damned,1995,tt0114852
The Virginian-1946,The Virginian,1946,tt0039082
Walk Don't Run-1966,Walk Don't Run,1966,tt0061170
A Walk in the Clouds-1995,A Walk in the Clouds,1995,tt0114887
Walking Tall-2004,Walking Tall,2004,tt0351977
The War of the Worlds-2019,The War of the Worlds,2019,tt8001226
Web of the Spider-1971,Web of the Spider,1971,tt0066132
We Are Family-2010,We Are Family,2010,tt1428459
Welcome to Collinwood-2002,Welcome to Collinwood,2002,tt0271259
We're No Angels-1989,We're No Angels,1989,tt0098625
What a Girl Wants-2003,What a Girl Wants,2003,tt0286788
When a Stranger Calls-2006,When a Stranger Calls,2006,tt0455857
What Ever Happened to Baby Jane?-1991,What Ever Happened to Baby Jane?,1991,tt0103242
What Men Want-2019,What Men Want,2019,tt7634968
Where the Boys Are '84-1984,Where the Boys Are '84,1984,
The Wicked Lady-1983,The Wicked Lady,1983,tt0086582
The Wicker Man-2006,The Wicker Man,2006,tt0450345
Wicker Park-2004,Wicker Park,2004,tt0324554
Willard-2003,Willard,2003,tt0310357
The Winslow Boy-1999,The Winslow Boy,1999,tt0155388
The Witness-2015,The Witness,2015,tt3568002
The Wiz-1978,The Wiz,1978,tt0078504
The Witness for the Prosecution-2016,The Witness for the Prosecution,2016,tt5834256
The Wolfman-2010,The Wolfman,2010,tt0780653
The Woman in Black-2012,The Woman in Black,2012,tt1596365
The Woman in Red-1984,The Woman in Red,1984,tt0088414
The Woman in White-2018,The Woman in White,2018,
The Women-2008,The Women,2008,tt0430770
The Yellow Handkerchief-2010,The Yellow Handkerchief,2010,
Yogi-2007,Yogi,2007,tt0887793
You Can't Run Away from It-1956,You Can't Run Away from It,1956,tt0049973
"Yours, Mine and Ours-2005","Yours, Mine and Ours",2005,
You're Never Too Young-1955,You're Never Too Young,1955,tt0048822
You've Got Mail-1998,You've Got Mail,1998,tt0128853
